,event,rank,para_class,date,name
0,UIAA World Youth Championship - Canteleu (FRA) 2002,26,YOUTH A MALE,2002-09-28 00:00:00,Aaron KARAL
1,European Youth Cup - Arco (ITA) 2002,27,YOUTH A MALE,2002-06-22 00:00:00,Aaron KARAL
2,European Youth Cup - Imst (AUT) 2002,26,YOUTH A MALE,2002-06-15 00:00:00,Aaron KARAL
3,European Youth Cup - Trieste (ITA) 2001,11,YOUTH A MALE,2001-04-07 00:00:00,Aaron KARAL
4,European Youth Cup - Imst (AUT) 2000,6,YOUTH B MALE,2000-06-03 00:00:00,Aaron KARAL
5,EuropeanYouth Cup - Amsterdam (NED) 1999,8,YOUTH B MALE,1999-11-27 00:00:00,Aaron KARAL
6,European Youth Cup - Albertville (FRA) 1999,15,YOUTH B MALE,1999-10-16 00:00:00,Aaron KARAL
7,UIAA Youth Worldchampionship - Courmayeur (ITA) 1999,20,YOUTH B MALE,1999-09-03 00:00:00,Aaron KARAL
8,European Youth Cup - Bern (SUI) 1999,10,YOUTH B MALE,1999-08-14 00:00:00,Aaron KARAL
9,European Youth Cup - Imst (AUT) 1999,18,YOUTH B MALE,1999-07-10 00:00:00,Aaron KARAL
