,event,rank,para_class,date,name
0,"IFSC - Climbing World Cup (L,S) - Villars (SUI) 2021",52,WOMEN,2021-07-03 00:00:00,Abdul Rochman SYARIFAH
1,Asian Continental Championships - Tehran (IRI) 2017,5,WOMEN,2017-09-21 00:00:00,Abdul Rochman SYARIFAH
2,IFSC Climbing Worldcup (L) - Chamonix (FRA) 2017,51,WOMEN,2017-07-13 00:00:00,Abdul Rochman SYARIFAH
3,"IFSC Climbing Worldcup (L,S) - Villars (SUI) 2017",41,WOMEN,2017-07-08 00:00:00,Abdul Rochman SYARIFAH
4,22th Asian Continental Championship - Lombok (INA) 2014,5,WOMEN,2014-10-03 00:00:00,Abdul Rochman SYARIFAH
5,"IFSC Climbing Worldcup (L, B, S) - Haiyang (CHN) 2014",25,WOMEN,2014-06-22 00:00:00,Abdul Rochman SYARIFAH
6,"IFSC Climbing Worldcup (L,S) - Mokpo (KOR) 2012",26,WOMEN,2012-10-21 00:00:00,Abdul Rochman SYARIFAH
7,"IFSC Climbing Worldcup (L,S) - Changzhi (CHN) 2011",18,WOMEN,2011-09-08 00:00:00,Abdul Rochman SYARIFAH
8,"IFSC Climbing Worldcup (L,S) - Xining (CHN) 2011",19,WOMEN,2011-09-03 00:00:00,Abdul Rochman SYARIFAH
9,Asian Youth Championship - Singapore (SGP) 2011,1,JUNIORS FEMALE,2011-07-30 00:00:00,Abdul Rochman SYARIFAH
