,event,rank,para_class,date,name
0,European Youth Cup - Birmingham (GBR) 2001,5,JUNIORS FEMALE,2001-12-09 00:00:00,Abigail EGAN
1,European Youth Cup - Aprica (ITA) 2001,6,JUNIORS FEMALE,2001-10-13 00:00:00,Abigail EGAN
2,European Youth Cup - Arco (ITA) 2001,10,JUNIORS FEMALE,2001-06-30 00:00:00,Abigail EGAN
3,European Youth Cup - L'Aprica (ITA) 2000,5,JUNIORS FEMALE,2000-10-28 00:00:00,Abigail EGAN
4,UIAA World Youth Championship - Amsterdam (NED) 2000,18,JUNIORS FEMALE,2000-09-01 00:00:00,Abigail EGAN
5,EuropeanYouth Cup - Amsterdam (NED) 1999,16,YOUTH A FEMALE,1999-11-27 00:00:00,Abigail EGAN
6,European Youth Cup - Albertville (FRA) 1999,12,YOUTH A FEMALE,1999-10-16 00:00:00,Abigail EGAN
7,UIAA Youth Worldchampionship - Courmayeur (ITA) 1999,18,YOUTH A FEMALE,1999-09-03 00:00:00,Abigail EGAN
8,European Youth Cup - Bern (SUI) 1999,13,YOUTH A FEMALE,1999-08-14 00:00:00,Abigail EGAN
9,European Youth Cup - Aix en Provence (FRA) 1998,17,YOUTH A FEMALE,1998-10-31 00:00:00,Abigail EGAN
10,UIAA Youth Worldchampionship - Moscow (RUS) 1998,16,YOUTH A FEMALE,1998-07-16 00:00:00,Abigail EGAN
11,European Youth Cup - Imst (AUT) 1998,11,YOUTH A FEMALE,1998-07-11 00:00:00,Abigail EGAN
12,European Youth Cup - Dortmund (GER) 1998,13,YOUTH A FEMALE,1998-06-12 00:00:00,Abigail EGAN
