,event,rank,para_class,date,name
0,IFSC - Paraclimbing World Cup (L) - Villars (SUI) 2023,1,WOMEN B3,2023-06-24 00:00:00,Abigail ROBINSON
1,IFSC - Paraclimbing World Cup (L) - Innsbruck (AUT) 2023,1,WOMEN B3,2023-06-13 00:00:00,Abigail ROBINSON
2,IFSC - Paraclimbing World Cup (L) - Villars (SUI) 2022,1,WOMEN B2,2022-07-09 00:00:00,Abigail ROBINSON
3,IFSC - Paraclimbing World Cup (L) - Innsbruck (AUT) 2022,1,WOMEN B3,2022-06-22 00:00:00,Abigail ROBINSON
4,IFSC - Paraclimbing World Championships (L) - Moscow 2021,1,WOMEN B2,2021-09-17 00:00:00,Abigail ROBINSON
5,IFSC Paraclimbing World Championships - Briançon (FRA) 2019,1,WOMEN VISUAL IMPAIRMENT B2,2019-07-17 00:00:00,Abigail ROBINSON
6,IFSC Paraclimbing World Championships - Innsbruck (AUT) 2018,1,WOMEN VISUAL IMPAIRMENT B2,2018-09-16 00:00:00,Abigail ROBINSON
7,Paraclimbing Cup (L) - Briançon (FRA) 2018,1,WOMEN VISUAL IMPAIRMENT B2,2018-07-18 00:00:00,Abigail ROBINSON
