,event,rank,para_class,date,name
0,UIAA World Championship - Winterthur (SUI) 2001,44,WOMEN,2001-09-08 00:00:00,Abigail MAY
1,UIAA Worldcup - Kranj (SLO) 2000,31,WOMEN,2000-11-17 00:00:00,Abigail MAY
2,UIAA Worldcup - Nantes (FRA) 2000,41,WOMEN,2000-11-02 00:00:00,Abigail MAY
3,UIAA European Championship - München (GER) 2000,44,WOMEN,2000-10-07 00:00:00,Abigail MAY
4,UIAA Worldcup - Courmayeur (ITA) 2000,40,WOMEN,2000-09-29 00:00:00,Abigail MAY
5,UIAA Worldcup - Lecco (ITA) 2000,46,WOMEN,2000-09-23 00:00:00,Abigail MAY
6,UIAA Worldcup - Chamonix (FRA) 2000,48,WOMEN,2000-07-12 00:00:00,Abigail MAY
7,UIAA World Championship - Birmingham (GBR) 1999,40,WOMEN,1999-12-03 00:00:00,Abigail MAY
8,UIAA Worldcup - Kranj (SLO) 1999,38,WOMEN,1999-11-12 00:00:00,Abigail MAY
9,UIAA Worldcup - Besancon (FRA) 1999,43,WOMEN,1999-06-10 00:00:00,Abigail MAY
10,UIAA Worldcup - Leipzig (GER) 1999,48,WOMEN,1999-05-28 00:00:00,Abigail MAY
11,UIAA Worldcup - Kranj (SLO) 1998,47,WOMEN,1998-11-14 00:00:00,Abigail MAY
12,UIAA Worldcup - Milan (ITA) 1998,55,WOMEN,1998-10-09 00:00:00,Abigail MAY
13,UIAA Worldcup - Courmayeur (ITA) 1998,46,WOMEN,1998-09-04 00:00:00,Abigail MAY
