,event,rank,para_class,date,name
0,Asian Continental Championships - Tehran (IRI) 2017,25,MEN,2017-09-21 00:00:00,Abolfazl HASSANPOUR
1,Asian Youth Championship - Tehran (IRI) 2016,7,JUNIORS MALE,2016-09-30 00:00:00,Abolfazl HASSANPOUR
2,Asian Youth Championship - Putrajaya (MAS) 2015,8,YOUTH A MALE,2015-12-06 00:00:00,Abolfazl HASSANPOUR
3,IFSC World Youth Championship - Singapore (SIN) - 2012,38,YOUTH B MALE,2012-09-01 00:00:00,Abolfazl HASSANPOUR
4,Asian Youth Championship - Hamedan (IRI) 2012,6,YOUTH B MALE,2012-07-13 00:00:00,Abolfazl HASSANPOUR
