,event,rank,para_class,date,name
0,IFSC European Youth Series - Kranj (SLO) 2009,26,YOUTH A MALE,2009-11-22 00:00:00,Adam SZOLD
1,IFSC Climbing Worldcup (L) - Kranj (SLO) 2009,68,MEN,2009-11-15 00:00:00,Adam SZOLD
2,IFSC World Youth Championships - Valence (FRA) 2009,37,YOUTH A MALE,2009-08-30 00:00:00,Adam SZOLD
3,IFSC European Youth Series (L) - Kranj (SLO) 2008,26,YOUTH A MALE,2008-11-23 00:00:00,Adam SZOLD
4,IFSC European Youth Series (L) - Imst (AUT) 2008,32,YOUTH A MALE,2008-09-28 00:00:00,Adam SZOLD
5,European Youth Series - Kranj (SLO) 2007,27,YOUTH B MALE,2007-11-25 00:00:00,Adam SZOLD
6,European Youth Series - Veliko Tarnovo (BUL) 2007,14,YOUTH B MALE,2007-07-01 00:00:00,Adam SZOLD
7,European Youth Series - Imst (AUT) 2007,26,YOUTH B MALE,2007-05-20 00:00:00,Adam SZOLD
