,event,rank,para_class,date,name
0,IFSC European Youth Series (L) - Prague (CZE) 2008,28,JUNIORS MALE,2008-05-18 00:00:00,Adam KULAS
1,European Youth Cup - Gdansk (POL) 2006,27,YOUTH A MALE,2006-07-23 00:00:00,Adam KULAS
2,European Youth Cup - Imst (AUT) 2006 after disqualification,42,YOUTH A MALE,2006-05-28 00:00:00,Adam KULAS
3,European Youth Cup - Geneva (SUI) 2005,32,YOUTH B MALE,2005-10-08 00:00:00,Adam KULAS
4,UIAA World Youth Championship - Bejing (CHN) 2005,42,YOUTH B MALE,2005-08-25 00:00:00,Adam KULAS
