,event,rank,para_class,date,name
0,UIAA World Youth Championship - Canteleu (FRA) 2002,48,YOUTH A MALE,2002-09-28 00:00:00,Adam MULHOLLAND
1,UIAA Youth World Championship Speed - Canteleu (FRA) 2002,14,YOUTH A MALE,2002-09-27 00:00:00,Adam MULHOLLAND
2,European Youth Cup - Birmingham (GBR) 2001,13,YOUTH B MALE,2001-12-09 00:00:00,Adam MULHOLLAND
3,European Youth Cup - Arco (ITA) 2001,18,YOUTH B MALE,2001-06-30 00:00:00,Adam MULHOLLAND
4,UIAA Youth World Championship - Imst(AUT) 2001,25,YOUTH B MALE,2001-06-24 00:00:00,Adam MULHOLLAND
5,UIAA Youth World Championship SPEED - Imst (AUT) 2001,17,YOUTH B MALE,2001-06-24 00:00:00,Adam MULHOLLAND
6,European Youth Cup - Imst (AUT) 2001,32,YOUTH B MALE,2001-06-16 00:00:00,Adam MULHOLLAND
7,UIAA World Youth Championship - Amsterdam (NED) 2000,43,YOUTH B MALE,2000-09-01 00:00:00,Adam MULHOLLAND
