,event,rank,para_class,date,name
0,UIAA World Championship - Birmingham (GBR) 1999,41,MEN,1999-12-03 00:00:00,Adam HOCKING
1,EuropeanYouth Cup - Amsterdam (NED) 1999,12,JUNIORS MALE,1999-11-27 00:00:00,Adam HOCKING
2,European Youth Cup - Albertville (FRA) 1999,16,JUNIORS MALE,1999-10-16 00:00:00,Adam HOCKING
3,UIAA Youth Worldchampionship - Courmayeur (ITA) 1999,35,JUNIORS MALE,1999-09-03 00:00:00,Adam HOCKING
4,European Youth Cup - Bern (SUI) 1999,24,JUNIORS MALE,1999-08-14 00:00:00,Adam HOCKING
5,UIAA Worldcup - Wiener Neustadt (AUT) 1999,56,MEN,1999-04-16 00:00:00,Adam HOCKING
6,European Youth Cup - Aix en Provence (FRA) 1998,7,YOUTH A MALE,1998-10-31 00:00:00,Adam HOCKING
7,European Youth Cup - Dortmund (GER) 1998,14,YOUTH A MALE,1998-06-12 00:00:00,Adam HOCKING
8,UIAA Youth Worldchampionship - Imst (AUT) 1997,28,YOUTH A MALE,1997-11-14 00:00:00,Adam HOCKING
9,European Youth Cup - Parma (ITA) 1997,15,YOUTH A MALE,1997-09-21 00:00:00,Adam HOCKING
10,European Youth Cup - Bern (SUI) 1997,20,YOUTH A MALE,1997-08-24 00:00:00,Adam HOCKING
