,event,rank,para_class,date,name
0,Paraclimbing Cup Sheffield (Lead) 2014 - Sheffield (GBR) 2014,2,MEN VISUAL IMPAIRMENT B1,2014-10-05 00:00:00,Adam HOOLAHAN
1,IFSC Paraclimbing World Championship - Gijon (ESP) 2014,7,MEN VISUAL IMPAIRMENT B1,2014-09-14 00:00:00,Adam HOOLAHAN
2,Paraclimbing Cup Arco 2014 - Arco (ITA) 2014,2,MEN VISUAL IMPAIRMENT B1,2014-08-29 00:00:00,Adam HOOLAHAN
3,Paraclimbing Cup Imst (Lead) 2014 - Imst (AUT) 2014,2,MEN VISUAL IMPAIRMENT B1,2014-07-05 00:00:00,Adam HOOLAHAN
