,event,rank,para_class,date,name
0,European Youth Cup - Aprica (ITA) 2001,12,JUNIORS MALE,2001-10-13 00:00:00,Adam DEWHURST
1,UIAA World Championship - Winterthur (SUI) 2001,36,MEN,2001-09-08 00:00:00,Adam DEWHURST
2,European Youth Cup - Arco (ITA) 2001,3,JUNIORS MALE,2001-06-30 00:00:00,Adam DEWHURST
3,UIAA Youth World Championship - Imst(AUT) 2001,18,JUNIORS MALE,2001-06-24 00:00:00,Adam DEWHURST
4,UIAA Youth World Championship SPEED - Imst (AUT) 2001,13,JUNIORS MALE,2001-06-24 00:00:00,Adam DEWHURST
5,European Youth Cup - Imst (AUT) 2001,11,JUNIORS MALE,2001-06-16 00:00:00,Adam DEWHURST
6,European Youth Cup - Trieste (ITA) 2001,17,JUNIORS MALE,2001-04-07 00:00:00,Adam DEWHURST
7,European Youth Cup - Kranj (SLO) 2000,3,YOUTH A MALE,2000-12-02 00:00:00,Adam DEWHURST
8,UIAA Worldcup - Kranj (SLO) 2000,53,MEN,2000-11-17 00:00:00,Adam DEWHURST
9,UIAA Worldcup - Nantes (FRA) 2000,39,MEN,2000-11-02 00:00:00,Adam DEWHURST
10,European Youth Cup - L'Aprica (ITA) 2000,6,YOUTH A MALE,2000-10-28 00:00:00,Adam DEWHURST
11,UIAA European Championship - München (GER) 2000,31,MEN,2000-10-07 00:00:00,Adam DEWHURST
12,UIAA World Youth Championship - Amsterdam (NED) 2000,8,YOUTH A MALE,2000-09-01 00:00:00,Adam DEWHURST
13,EuropeanYouth Cup - Amsterdam (NED) 1999,6,YOUTH A MALE,1999-11-27 00:00:00,Adam DEWHURST
14,European Youth Cup - Albertville (FRA) 1999,5,YOUTH A MALE,1999-10-16 00:00:00,Adam DEWHURST
15,UIAA Youth Worldchampionship - Courmayeur (ITA) 1999,22,YOUTH A MALE,1999-09-03 00:00:00,Adam DEWHURST
16,European Youth Cup - Bern (SUI) 1999,2,YOUTH A MALE,1999-08-14 00:00:00,Adam DEWHURST
17,European Youth Cup - Imst (AUT) 1999,16,YOUTH A MALE,1999-07-10 00:00:00,Adam DEWHURST
18,European Youth Cup - Aix en Provence (FRA) 1998,2,YOUTH B MALE,1998-10-31 00:00:00,Adam DEWHURST
19,UIAA Youth Worldchampionship - Moscow (RUS) 1998,11,YOUTH B MALE,1998-07-16 00:00:00,Adam DEWHURST
20,European Youth Cup - Imst (AUT) 1998,9,YOUTH B MALE,1998-07-11 00:00:00,Adam DEWHURST
21,European Youth Cup - Dortmund (GER) 1998,7,YOUTH B MALE,1998-06-12 00:00:00,Adam DEWHURST
22,UIAA Youth Worldchampionship - Imst (AUT) 1997,18,YOUTH B MALE,1997-11-14 00:00:00,Adam DEWHURST
23,European Youth Cup - Parma (ITA) 1997,7,YOUTH B MALE,1997-09-21 00:00:00,Adam DEWHURST
24,European Youth Cup - Bern (SUI) 1997,14,YOUTH B MALE,1997-08-24 00:00:00,Adam DEWHURST
25,European Youth Cup - Dortmund (GER) 1997,14,YOUTH B MALE,1997-06-01 00:00:00,Adam DEWHURST
