,event,rank,para_class,date,name
0,EuropeanYouth Cup - Amsterdam (NED) 1999,18,YOUTH A MALE,1999-11-27 00:00:00,Adam PUSTELNIK
1,UIAA Youth Worldchampionship - Courmayeur (ITA) 1999,12,YOUTH A MALE,1999-09-03 00:00:00,Adam PUSTELNIK
2,UIAA Youth Worldchampionship - Moscow (RUS) 1998,24,YOUTH A MALE,1998-07-16 00:00:00,Adam PUSTELNIK
3,European Youth Cup - Triest (ITA) 1998,16,YOUTH A MALE,1998-07-04 00:00:00,Adam PUSTELNIK
4,UIAA Youth Worldchampionship - Imst (AUT) 1997,46,YOUTH A MALE,1997-11-14 00:00:00,Adam PUSTELNIK
5,European Youth Cup - Bolzano (ITA) 1997,18,YOUTH B MALE,1997-05-04 00:00:00,Adam PUSTELNIK
