,event,rank,para_class,date,name
0,"IFSC - Climbing Youth World Championships (B,L,S) - Voronezh (RUS) 2021",14,JUNIORS FEMALE,2021-08-31 00:00:00,Adelaide D'ADDARIO
1,"IFSC Europe - Continental Youth Cup (L,S) - Zilina (SVK) 2021",5,JUNIORS FEMALE,2021-07-31 00:00:00,Adelaide D'ADDARIO
2,IFSC Europe - Continental Youth Cup (L) - Ostermundigen (SUI),6,JUNIORS FEMALE,2021-06-20 00:00:00,Adelaide D'ADDARIO
3,"IFSC Europe - Continental Youth Cup (L,S) - Imst (AUT) 2021",4,JUNIORS FEMALE,2021-06-13 00:00:00,Adelaide D'ADDARIO
4,"IFSC Europe - Continental Youth Championships (B,S,L) - Perm (RUS)",16,JUNIORS FEMALE,2021-05-05 00:00:00,Adelaide D'ADDARIO
5,IFSC Youth World Championships - Arco (ITA) 2019,41,YOUTH A FEMALE,2019-08-31 00:00:00,Adelaide D'ADDARIO
6,European Youth Cup (L) - St. Pierre Faucigny (FRA) 2019,20,YOUTH A FEMALE,2019-06-30 00:00:00,Adelaide D'ADDARIO
7,European Youth Cup (L) - Ostermundigen (SUI) 2019,15,YOUTH A FEMALE,2019-06-23 00:00:00,Adelaide D'ADDARIO
8,IFSC Youth World Championships - Moscow (RUS) 2018,37,YOUTH B FEMALE,2018-08-16 00:00:00,Adelaide D'ADDARIO
9,European Youth Cup (L) - Munich (GER) 2018,14,YOUTH B FEMALE,2018-07-08 00:00:00,Adelaide D'ADDARIO
10,European Youth Cup (L) - Bruneck (ITA) 2018,27,YOUTH B FEMALE,2018-06-17 00:00:00,Adelaide D'ADDARIO
11,"European Youth Championship (L, S) - Imst 2018",18,YOUTH B FEMALE,2018-05-27 00:00:00,Adelaide D'ADDARIO
12,"European Youth Cup (L,S) - Voiron (FRA) 2018",11,YOUTH B FEMALE,2018-04-08 00:00:00,Adelaide D'ADDARIO
13,IFSC Youth World Championships - Innsbruck (AUT) - 2017,36,YOUTH B FEMALE,2017-09-10 00:00:00,Adelaide D'ADDARIO
14,European Youth Cup (L) - Mitterdorf (AUT) 2017,17,YOUTH B FEMALE,2017-08-13 00:00:00,Adelaide D'ADDARIO
15,European Youth Cup (L) - Dornbirn (AUT) 2017,19,YOUTH B FEMALE,2017-06-11 00:00:00,Adelaide D'ADDARIO
16,European Youth Cup (L) - Imst (AUT) 2017,25,YOUTH B FEMALE,2017-05-28 00:00:00,Adelaide D'ADDARIO
