,event,rank,para_class,date,name
0,IFSC World Youth Championships - Valence (FRA) 2009,56,YOUTH A FEMALE,2009-08-30 00:00:00,Adi BUCHMAN
1,IFSC European Youth Series (L) - Kranj (SLO) 2008,26,YOUTH A FEMALE,2008-11-23 00:00:00,Adi BUCHMAN
2,IFSC European Youth Series (L) - Imst (AUT) 2008,35,YOUTH A FEMALE,2008-09-28 00:00:00,Adi BUCHMAN
3,IFSC European Youth Series (L) - Prague (CZE) 2008,27,YOUTH A FEMALE,2008-05-18 00:00:00,Adi BUCHMAN
4,UIAA World Youth Championship - Imst (AUT) 2006,46,YOUTH B FEMALE,2006-08-27 00:00:00,Adi BUCHMAN
5,European Youth Cup - Imst (AUT) 2006 after disqualification,35,YOUTH B FEMALE,2006-05-28 00:00:00,Adi BUCHMAN
