,event,rank,para_class,date,name
0,"IFSC Panamerican Championship (L, S, B) - San Juan de los Morros (VEN) 2012",14,MEN,2012-11-10 00:00:00,Adrian MORALES
1,IFSC Climbing World Youth Championship - Ibarra (ECU) 2007,38,JUNIORS MALE,2007-08-26 00:00:00,Adrian MORALES
2,North American Championships (L+S) - Denver Colorado (USA) 2006,7,JUNIORS MALE,2006-11-25 00:00:00,Adrian MORALES
3,North American Championship - Mexico City (MEX) 2004 (incl. SpiderKids),7,YOUTH A MALE,2004-11-28 00:00:00,Adrian MORALES
