,event,rank,para_class,date,name
0,IFSC World Youth Championships - Arco (ITA) - 2015,37,JUNIORS MALE,2015-09-06 00:00:00,Adrian CHMIALA
1,European Youth Cup (L) - Mitterdorf (AUT) 2015,21,JUNIORS MALE,2015-08-09 00:00:00,Adrian CHMIALA
2,European Youth Cup (L) - Imst (AUT) 2015,17,JUNIORS MALE,2015-05-31 00:00:00,Adrian CHMIALA
3,"European Youth Championship (L,S) - Edinburgh 2014",6,JUNIORS MALE,2014-06-15 00:00:00,Adrian CHMIALA
4,European Youth Cup (L) - Imst (AUT) 2014,14,JUNIORS MALE,2014-06-01 00:00:00,Adrian CHMIALA
5,"European Youth Championship (L,S) - Imst (AUT) 2013",10,YOUTH A MALE,2013-07-28 00:00:00,Adrian CHMIALA
6,"European Youth Cup (L, S) - Edinburgh (GBR) 2013",15,YOUTH A MALE,2013-06-09 00:00:00,Adrian CHMIALA
7,European Youth Series - Annecy (France) 2010,27,YOUTH B MALE,2010-10-24 00:00:00,Adrian CHMIALA
