,event,rank,para_class,date,name
0,IFSC Climbing Worldcup (L) - Brno (CZE) 2009,46,MEN,2009-11-07 00:00:00,Adrian BAXTER
1,IFSC European Championship - Paris (FRA) 2008,48,MEN,2008-10-18 00:00:00,Adrian BAXTER
2,IFSC Climbing Worldcup (S+L) - Chamonix (FRA) 2008,57,MEN,2008-07-13 00:00:00,Adrian BAXTER
3,IFSC Climbing Worldcup (L) - Kranj (SLO) 2007,30,MEN,2007-11-18 00:00:00,Adrian BAXTER
4,IFSC Climbing World Championship (L + B + S) - Aviles (ESP) 2007,58,MEN,2007-09-23 00:00:00,Adrian BAXTER
5,IFSC Climbing Worldcup (L) - Imst (AUT) 2007,50,MEN,2007-05-12 00:00:00,Adrian BAXTER
6,UIAA Worldcup - Chamonix (FRA) 2004,47,MEN,2004-07-12 00:00:00,Adrian BAXTER
7,UIAA European Championship - Lecco (ITA) 2004,53,MEN,2004-06-27 00:00:00,Adrian BAXTER
8,UIAA Worldcup - Imst (AUT) 2004,51,MEN,2004-05-29 00:00:00,Adrian BAXTER
9,UIAA Worldcup - Puurs (BEL) 2004,25,MEN,2004-04-25 00:00:00,Adrian BAXTER
10,UIAA Worldcup - Edinburgh (GBR) 2003,17,MEN,2003-12-07 00:00:00,Adrian BAXTER
11,UIAA Worldchampionship - Chamonix (FRA) 2003,35,MEN,2003-07-13 00:00:00,Adrian BAXTER
12,UIAA Worldcup - Imst (AUT) 2003,44,MEN,2003-05-23 00:00:00,Adrian BAXTER
13,UIAA Worldcup - Kranj (SLO) 2002,42,MEN,2002-11-17 00:00:00,Adrian BAXTER
14,UIAA Worldcup - Aprica (ITA) 2002,42,MEN,2002-10-18 00:00:00,Adrian BAXTER
15,UIAA European Championship - Chamonix (FRA) 2002,29,MEN,2002-07-14 00:00:00,Adrian BAXTER
16,UIAA Worldcup - Imst (AUT) 2002,51,MEN,2002-06-07 00:00:00,Adrian BAXTER
17,European Youth Cup - Birmingham (GBR) 2001,8,JUNIORS MALE,2001-12-09 00:00:00,Adrian BAXTER
18,UIAA Worldcup - Kranj (SLO) 2001,39,MEN,2001-11-18 00:00:00,Adrian BAXTER
19,European Youth Cup - Arco (ITA) 2001,20,JUNIORS MALE,2001-06-30 00:00:00,Adrian BAXTER
20,UIAA Youth World Championship - Imst(AUT) 2001,45,JUNIORS MALE,2001-06-24 00:00:00,Adrian BAXTER
21,European Youth Cup - Imst (AUT) 2001,26,JUNIORS MALE,2001-06-16 00:00:00,Adrian BAXTER
22,European Youth Cup - Trieste (ITA) 2001,23,JUNIORS MALE,2001-04-07 00:00:00,Adrian BAXTER
23,UIAA World Youth Championship - Amsterdam (NED) 2000,48,JUNIORS MALE,2000-09-01 00:00:00,Adrian BAXTER
