,event,rank,para_class,date,name
0,IFSC Climbing Worldcup (L) - Briançon (FRA) 2016,36,MEN,2016-07-23 00:00:00,Adrien TRIBOUT
1,"IFSC Climbing Worldcup (L, S) - Villars (SUI) 2016",56,MEN,2016-07-16 00:00:00,Adrien TRIBOUT
2,"IFSC Climbing Worldcup (L,S) -Chamonix (FRA) 2016",45,MEN,2016-07-12 00:00:00,Adrien TRIBOUT
3,"European Youth Championship (L,S) - Imst (AUT) 2013",21,JUNIORS MALE,2013-07-28 00:00:00,Adrien TRIBOUT
4,"European Youth Cup (L, S) - Edinburgh (GBR) 2013",6,JUNIORS MALE,2013-06-09 00:00:00,Adrien TRIBOUT
5,"European Youth Championship (L,S) - Gémozac (FRA) 2012",10,YOUTH A MALE,2012-11-04 00:00:00,Adrien TRIBOUT
6,European Youth Cup (L) - Voiron (FRA) 2012,11,YOUTH A MALE,2012-06-09 00:00:00,Adrien TRIBOUT
7,"European Youth Cup (L,S) - Edinburgh (GBR) 2012",9,YOUTH A MALE,2012-05-20 00:00:00,Adrien TRIBOUT
8,European Youth Cup (L) - Pau (FRA) 2011,12,YOUTH A MALE,2011-11-12 00:00:00,Adrien TRIBOUT
9,IFSC Climbing Worldcup (L) - Valence (FRA) 2011,24,MEN,2011-10-29 00:00:00,Adrien TRIBOUT
10,IFSC Climbing Worldcup (L) - Briançon (FRA) 2011,41,MEN,2011-07-30 00:00:00,Adrien TRIBOUT
11,European Youth Series - Kranj (SLO) 2010,12,YOUTH B MALE,2010-11-21 00:00:00,Adrien TRIBOUT
12,European Youth Series - Annecy (France) 2010,7,YOUTH B MALE,2010-10-24 00:00:00,Adrien TRIBOUT
13,European Youth Series - Veliko Tarnovo (BUL) 2010,7,YOUTH B MALE,2010-10-03 00:00:00,Adrien TRIBOUT
14,IFSC World Youth Championship - Edinburgh (GBR) - 2010,10,YOUTH B MALE,2010-09-12 00:00:00,Adrien TRIBOUT
15,European Youth Series - Wien (AUT) 2010,3,YOUTH B MALE,2010-08-15 00:00:00,Adrien TRIBOUT
16,European Youth Series - Imst (AUT) 2010,6,YOUTH B MALE,2010-06-06 00:00:00,Adrien TRIBOUT
17,IFSC European Youth Series - Kranj (SLO) 2009,9,YOUTH B MALE,2009-11-22 00:00:00,Adrien TRIBOUT
18,IFSC European Youth Series - Edinburgh (GBR),3,YOUTH B MALE,2009-09-20 00:00:00,Adrien TRIBOUT
19,IFSC European Youth Series (L+S) - Munich (GER),8,YOUTH B MALE,2009-09-13 00:00:00,Adrien TRIBOUT
20,IFSC World Youth Championships - Valence (FRA) 2009,5,YOUTH B MALE,2009-08-30 00:00:00,Adrien TRIBOUT
21,European Youth Series - Imst (AUT) 2009,15,YOUTH B MALE,2009-05-24 00:00:00,Adrien TRIBOUT
