,event,rank,para_class,date,name
0,Asian Continental Championships - Tehran (IRI) 2017,20,WOMEN,2017-09-21 00:00:00,Afsaneh MIRAHMADI
1,Asian Youth Championships - Singapore (SGP) 2017,6,JUNIORS FEMALE,2017-07-09 00:00:00,Afsaneh MIRAHMADI
2,Asian Youth Championship - Tehran (IRI) 2016,3,JUNIORS FEMALE,2016-09-30 00:00:00,Afsaneh MIRAHMADI
3,Asian Youth Championship - Putrajaya (MAS) 2015,14,YOUTH A FEMALE,2015-12-06 00:00:00,Afsaneh MIRAHMADI
4,IFSC World Youth Championship - Singapore (SIN) - 2012,33,YOUTH B FEMALE,2012-09-01 00:00:00,Afsaneh MIRAHMADI
5,Asian Youth Championship - Hamedan (IRI) 2012,3,YOUTH B FEMALE,2012-07-13 00:00:00,Afsaneh MIRAHMADI
