,event,rank,para_class,date,name
0,IFSC Climbing Worldcup (L) - Briançon (FRA) 2012,47,WOMEN,2012-07-21 00:00:00,Agata MODRZEJEWSKA
1,"IFSC Climbing Worldcup (L,S) - Chamonix (FRA) 2012",41,WOMEN,2012-07-13 00:00:00,Agata MODRZEJEWSKA
2,IFSC Climbing Worldcup (L) - Puurs (BEL) 2010,28,WOMEN,2010-09-25 00:00:00,Agata MODRZEJEWSKA
3,European Championship - Imst/Innsbruck (AUT) 2010,37,WOMEN,2010-09-18 00:00:00,Agata MODRZEJEWSKA
4,"IFSC Climbing Worldcup (L,S) - Chamonix (FRA) 2010",37,WOMEN,2010-07-13 00:00:00,Agata MODRZEJEWSKA
5,IFSC Climbing Worldcup (L) - Kranj (SLO) 2009,34,WOMEN,2009-11-15 00:00:00,Agata MODRZEJEWSKA
6,IFSC Climbing Worldcup (L) - Brno (CZE) 2009,31,WOMEN,2009-11-07 00:00:00,Agata MODRZEJEWSKA
7,IFSC Climbing Worldcup (L) - Kranj (SLO) 2008,28,WOMEN,2008-11-16 00:00:00,Agata MODRZEJEWSKA
8,IFSC European Championship - Paris (FRA) 2008,35,WOMEN,2008-10-18 00:00:00,Agata MODRZEJEWSKA
9,IFSC Climbing Worldcup (L) - Kranj (SLO) 2007,24,WOMEN,2007-11-18 00:00:00,Agata MODRZEJEWSKA
10,IFSC Climbing Worldcup (L) - Valence (FRA) 2007,28,WOMEN,2007-11-03 00:00:00,Agata MODRZEJEWSKA
11,UIAA Climbing Worldcup (L+S) - Chamonix (FRA) 2006,27,WOMEN,2006-07-13 00:00:00,Agata MODRZEJEWSKA
12,UIAA European Championship - Ekatarinburg (RUS) 2006,28,WOMEN,2006-07-03 00:00:00,Agata MODRZEJEWSKA
13,UIAA Climbing Worldcup (L+S) - Dresden (GER) 2006,37,WOMEN,2006-05-20 00:00:00,Agata MODRZEJEWSKA
14,UIAA Climbing Worldcup (L) - Puurs (BEL) 2006,24,WOMEN,2006-04-29 00:00:00,Agata MODRZEJEWSKA
15,UIAA World Championship - Munich (GER) 2005,44,WOMEN,2005-07-05 00:00:00,Agata MODRZEJEWSKA
16,UIAA World Youth Championship - Edinburgh (GBR) 2004,23,JUNIORS FEMALE,2004-09-12 00:00:00,Agata MODRZEJEWSKA
