,event,rank,para_class,date,name
0,"IFSC Europe - Continental Cup (L,S) - Laval (FRA) 2021",20,WOMEN,2021-10-24 00:00:00,Agathe CALLIET
1,IFSC Europe - Continental Youth Cup (L) - Ostermundigen (SUI),9,JUNIORS FEMALE,2021-06-20 00:00:00,Agathe CALLIET
2,"IFSC Europe - Continental Youth Championships (B,S,L) - Perm (RUS)",9,JUNIORS FEMALE,2021-05-05 00:00:00,Agathe CALLIET
3,IFSC Europe - Continental Youth Cup (L) - Augsburg (GER) 2020,12,YOUTH A FEMALE,2020-09-18 00:00:00,Agathe CALLIET
4,IFSC - Climbing World Cup (L) - Briançon (FRA) 2020,29,WOMEN,2020-08-22 00:00:00,Agathe CALLIET
5,"European Youth Cup (S,L) - Imst (AUT) 2019",23,YOUTH A FEMALE,2019-08-04 00:00:00,Agathe CALLIET
6,European Youth Cup (L) - St. Pierre Faucigny (FRA) 2019,21,YOUTH A FEMALE,2019-06-30 00:00:00,Agathe CALLIET
7,European Youth Cup (L) - Ostermundigen (SUI) 2019,12,YOUTH A FEMALE,2019-06-23 00:00:00,Agathe CALLIET
