,event,rank,para_class,date,name
0,UIAA Bouldering Masters - L'Argentier 1995,4,WOMEN,1995-08-07 00:00:00,Agnès BRARD
1,UIAA Masters - L'Argentiere 1994,4,WOMEN,1994-07-28 00:00:00,Agnès BRARD
2,UIAA Worldcup - Birmingham 1992,14,WOMEN,1992-12-11 00:00:00,Agnès BRARD
3,UIAA Worldcup - Laval 1992,25,WOMEN,1992-11-20 00:00:00,Agnès BRARD
4,UIAA Worldcup - St. Pölten 1992,12,WOMEN,1992-11-14 00:00:00,Agnès BRARD
5,UIAA Worldcup - Nürnberg 1992,14,WOMEN,1992-10-30 00:00:00,Agnès BRARD
6,UIAA Worldcup - Kobe 1992,9,WOMEN,1992-10-08 00:00:00,Agnès BRARD
7,Masters Serre Chevalier 1992,6,WOMEN,1992-07-21 00:00:00,Agnès BRARD
8,Masters Chambery 1992,9,WOMEN,1992-01-30 00:00:00,Agnès BRARD
9,UIAA Worldcup - Nürnberg 1991,15,WOMEN,1991-10-31 00:00:00,Agnès BRARD
10,UIAA Worldcup - Tokio 1991,6,WOMEN,1991-10-16 00:00:00,Agnès BRARD
11,UIAA World Championship - Frankfurt 1991,11,WOMEN,1991-10-02 00:00:00,Agnès BRARD
12,UIAA Worldcup - Clusone 1991,30,WOMEN,1991-08-30 00:00:00,Agnès BRARD
13,UIAA Worldcup - Wien 1991,9,WOMEN,1991-04-26 00:00:00,Agnès BRARD
