,event,rank,para_class,date,name
0,UIAA Asian Championship - Iran 2005,6,WOMEN,2005-09-23 00:00:00,Agung Ethi HENDRAWATI
1,UIAA Asian Championship - Jeolla Nam Do (KOR) 2004,9,WOMEN,2004-10-30 00:00:00,Agung Ethi HENDRAWATI
2,UIAA Worldcup - Chamonix (FRA) 2004,43,WOMEN,2004-07-12 00:00:00,Agung Ethi HENDRAWATI
3,UIAA Worldcup - Shenzen (CHN) 2003,23,WOMEN,2003-11-23 00:00:00,Agung Ethi HENDRAWATI
4,UIAA Worldchampionship - Chamonix (FRA) 2003,50,WOMEN,2003-07-13 00:00:00,Agung Ethi HENDRAWATI
5,UIAA Worldcup - Singapore (SIN) 2002,27,WOMEN,2002-08-25 00:00:00,Agung Ethi HENDRAWATI
6,UIAA Worldcup - Kuala Lumpur (MAS) 2001,30,WOMEN,2001-11-04 00:00:00,Agung Ethi HENDRAWATI
7,1st UIAA ASIAN CUP - Kunming (CHN),5,WOMEN,2001-09-14 00:00:00,Agung Ethi HENDRAWATI
8,UIAA Asian Championship - Kuala Lumpur (MAS) 2000,9,WOMEN,2000-11-24 00:00:00,Agung Ethi HENDRAWATI
