,event,rank,para_class,date,name
0,Asian Continental Championships - Tehran (IRI) 2017,7,MEN,2017-09-21 00:00:00,Ahmadreza SOLGI
1,Asian Continental Championship - Duyun (CHN) 2016,8,MEN,2016-08-06 00:00:00,Ahmadreza SOLGI
2,"Asian Continental Championship - Tehran, (IRN) 2013",18,MEN,2013-05-24 00:00:00,Ahmadreza SOLGI
3,IFSC World Youth Championship - Singapore (SIN) - 2012,9,JUNIORS MALE,2012-09-01 00:00:00,Ahmadreza SOLGI
4,Asian Youth Championship - Hamedan (IRI) 2012,2,JUNIORS MALE,2012-07-13 00:00:00,Ahmadreza SOLGI
5,Asian Youth Championship - Singapore (SGP) 2011,5,JUNIORS MALE,2011-07-30 00:00:00,Ahmadreza SOLGI
