,event,rank,para_class,date,name
0,"IFSC - Climbing World Cup (B,L) - Innsbruck (AUT) 2023",2,WOMEN,2023-06-18 00:00:00,Ai MORI
1,"IFSC - Climbing World Cup (L,S) - Edinburgh (GBR) 2022",1,WOMEN,2022-09-11 00:00:00,Ai MORI
2,IFSC - Climbing World Cup (L) - Koper (SLO) 2022,1,WOMEN,2022-09-03 00:00:00,Ai MORI
3,IFSC Climbing Worldcup (L) - Inzai (JPN) 2019,20,WOMEN,2019-10-27 00:00:00,Ai MORI
4,"IFSC Climbing Worldcup (L, S) - Xiamen (CHN) 2019",9,WOMEN,2019-10-20 00:00:00,Ai MORI
5,IFSC Climbing Worldcup (L) - Kranj (SLO) 2019,5,WOMEN,2019-09-29 00:00:00,Ai MORI
6,IFSC Climbing World Championships - Hachioji (JPN) 2019,3,WOMEN,2019-08-21 00:00:00,Ai MORI
7,"IFSC Climbing Worldcup (L, S) - Chamonix (FRA) 2019",4,WOMEN,2019-07-13 00:00:00,Ai MORI
8,"IFSC Climbing Worldcup (L, S) - Villars (SUI) 2019",3,WOMEN,2019-07-06 00:00:00,Ai MORI
9,Asian Youth Championships - Chongqing (CHN) 2018,2,YOUTH B FEMALE,2018-11-04 00:00:00,Ai MORI
10,IFSC Youth World Championships - Innsbruck (AUT) - 2017,1,YOUTH B FEMALE,2017-09-10 00:00:00,Ai MORI
11,Asian Youth Championships - Singapore (SGP) 2017,1,YOUTH B FEMALE,2017-07-09 00:00:00,Ai MORI
