,event,rank,para_class,date,name
0,"IFSC Europe - Continental Cup (L,S) - Žilina (SVK) 2023",28,WOMEN,2023-07-22 00:00:00,Aida TORRES ILLAMOLA
1,"IFSC - Climbing World Cup (L,S) - Chamonix (FRA) 2022",58,WOMEN,2022-07-10 00:00:00,Aida TORRES ILLAMOLA
2,"IFSC - Climbing World Cup (L,S) - Villars (SUI) 2022",67,WOMEN,2022-07-02 00:00:00,Aida TORRES ILLAMOLA
3,"IFSC - Climbing World Cup (B,L) - Innsbruck (AUT) 2022",77,WOMEN,2022-06-26 00:00:00,Aida TORRES ILLAMOLA
4,"IFSC - Climbing Youth World Championships (B,L,S) - Voronezh (RUS) 2021",29,JUNIORS FEMALE,2021-08-31 00:00:00,Aida TORRES ILLAMOLA
5,IFSC - Climbing World Cup (L) - Briançon (FRA) 2021,49,WOMEN,2021-07-18 00:00:00,Aida TORRES ILLAMOLA
6,IFSC - Climbing World Cup (L) - Chamonix (FRA) 2021,56,WOMEN,2021-07-13 00:00:00,Aida TORRES ILLAMOLA
7,"IFSC Europe - Continental Youth Cup (L,S) - Puurs (BEL) 2021",13,JUNIORS FEMALE,2021-07-04 00:00:00,Aida TORRES ILLAMOLA
8,"IFSC - Climbing World Cup (B,L) - Innsbruck (AUT) 2021",47,WOMEN,2021-06-26 00:00:00,Aida TORRES ILLAMOLA
9,IFSC Europe - Continental Youth Cup (L) - Ostermundigen (SUI),11,JUNIORS FEMALE,2021-06-20 00:00:00,Aida TORRES ILLAMOLA
10,"IFSC Europe - Continental Youth Cup (L,S) - Imst (AUT) 2021",10,JUNIORS FEMALE,2021-06-13 00:00:00,Aida TORRES ILLAMOLA
11,"IFSC Europe - Continental Youth Championships (B,S,L) - Perm (RUS)",14,JUNIORS FEMALE,2021-05-05 00:00:00,Aida TORRES ILLAMOLA
12,IFSC - Climbing World Cup (L) - Briançon (FRA) 2020,41,WOMEN,2020-08-22 00:00:00,Aida TORRES ILLAMOLA
13,IFSC Youth World Championships - Arco (ITA) 2019,36,YOUTH A FEMALE,2019-08-31 00:00:00,Aida TORRES ILLAMOLA
14,"European Youth Championship (L, S) - Imst 2018",37,YOUTH A FEMALE,2018-05-27 00:00:00,Aida TORRES ILLAMOLA
