,event,rank,para_class,date,name
0,"IFSC Climbing Worldcup (L,S) - Xiamen (CHN) 2018",30,MEN,2018-10-28 00:00:00,Aidan DOYLE
1,"IFSC Climbing Worldcup (L,S) - Wujiang (CHN) 2018",28,MEN,2018-10-21 00:00:00,Aidan DOYLE
2,IFSC Youth World Championships - Moscow (RUS) 2018,52,YOUTH A MALE,2018-08-16 00:00:00,Aidan DOYLE
3,"PanAmerican Youth Championship (L, S, B) - Montreal (CAN) 2017",7,YOUTH A MALE,2017-11-05 00:00:00,Aidan DOYLE
4,IFSC Youth World Championships - Innsbruck (AUT) - 2017,48,YOUTH A MALE,2017-09-10 00:00:00,Aidan DOYLE
5,"IFSC Climbing Worldcup (L,S) - Arco (ITA) 2017",75,MEN,2017-08-26 00:00:00,Aidan DOYLE
6,IFSC World Youth Championships - Guangzhou (CHN) - 2016,32,YOUTH B MALE,2016-11-13 00:00:00,Aidan DOYLE
