,event,rank,para_class,date,name
0,"IFSC Climbing Worldcup (L,S) - Edinburgh (GBR) 2017",54,MEN,2017-09-24 00:00:00,Aiden DUNNE
1,IFSC Youth World Championships - Innsbruck (AUT) - 2017,59,YOUTH A MALE,2017-09-10 00:00:00,Aiden DUNNE
2,"European Youth Championships (L,S) - Mitterdorf (AUT) 2016",31,YOUTH A MALE,2016-09-04 00:00:00,Aiden DUNNE
3,"European Youth Championship (L,S) - Edinburgh 2014",23,YOUTH B MALE,2014-06-15 00:00:00,Aiden DUNNE
4,European Youth Cup (L) - Imst (AUT) 2014,28,YOUTH B MALE,2014-06-01 00:00:00,Aiden DUNNE
