,event,rank,para_class,date,name
0,European Youth Cup (L) - Munich (GER) 2018,28,YOUTH A MALE,2018-07-08 00:00:00,Aiko HERBOS
1,European Youth Cup (L) - Uster (SUI) 2018,26,YOUTH A MALE,2018-07-01 00:00:00,Aiko HERBOS
2,"European Youth Championship (L, S) - Imst 2018",29,YOUTH A MALE,2018-05-27 00:00:00,Aiko HERBOS
3,"European Youth Cup (L,S) - Voiron (FRA) 2018",24,YOUTH A MALE,2018-04-08 00:00:00,Aiko HERBOS
4,"European Youth Championships (L,S) - Mitterdorf (AUT) 2016",11,YOUTH B MALE,2016-09-04 00:00:00,Aiko HERBOS
5,European Youth Cup (L) - Imst (AUT) 2016,34,YOUTH B MALE,2016-05-29 00:00:00,Aiko HERBOS
6,IFSC World Youth Championships - Arco (ITA) - 2015,25,YOUTH B MALE,2015-09-06 00:00:00,Aiko HERBOS
7,European Youth Cup (L) - Mitterdorf (AUT) 2015,27,YOUTH B MALE,2015-08-09 00:00:00,Aiko HERBOS
8,"European Youth Championship (L, S) - Edinburgh (GBR) 2015",30,YOUTH B MALE,2015-06-14 00:00:00,Aiko HERBOS
9,European Youth Cup (L) - Imst (AUT) 2015,19,YOUTH B MALE,2015-05-31 00:00:00,Aiko HERBOS
10,European Youth Cup (L) - Dornbirn (AUT) 2015,31,YOUTH B MALE,2015-05-10 00:00:00,Aiko HERBOS
