,event,rank,para_class,date,name
0,"IFSC Europe - Continental Youth Cup (L,S) - Puurs (BEL) 2021",14,YOUTH A MALE,2021-07-04 00:00:00,Aimar USON POBES
1,IFSC Youth World Championships - Arco (ITA) 2019,33,YOUTH B MALE,2019-08-31 00:00:00,Aimar USON POBES
2,"European Youth Cup (S,L) - Imst (AUT) 2019",19,YOUTH B MALE,2019-08-04 00:00:00,Aimar USON POBES
3,European Youth Cup (L) - St. Pierre Faucigny (FRA) 2019,21,YOUTH B MALE,2019-06-30 00:00:00,Aimar USON POBES
4,European Youth Cup (L) - Ostermundigen (SUI) 2019,23,YOUTH B MALE,2019-06-23 00:00:00,Aimar USON POBES
