,event,rank,para_class,date,name
0,European Youth Cup (L)- Kranj (SLO) 2011,11,JUNIORS FEMALE,2011-11-27 00:00:00,Ajda ROJC
1,European Youth Series - Kranj (SLO) 2010,22,JUNIORS FEMALE,2010-11-21 00:00:00,Ajda ROJC
2,European Youth Series - Annecy (France) 2010,16,JUNIORS FEMALE,2010-10-24 00:00:00,Ajda ROJC
3,European Youth Series - Veliko Tarnovo (BUL) 2010,10,JUNIORS FEMALE,2010-10-03 00:00:00,Ajda ROJC
4,European Youth Series - Wien (AUT) 2010,18,JUNIORS FEMALE,2010-08-15 00:00:00,Ajda ROJC
5,European Youth Series - Imst (AUT) 2010,17,JUNIORS FEMALE,2010-06-06 00:00:00,Ajda ROJC
6,IFSC European Youth Series (L+S) - Munich (GER),18,YOUTH A FEMALE,2009-09-13 00:00:00,Ajda ROJC
7,IFSC European Youth Series (L) - Kranj (SLO) 2008,11,YOUTH A FEMALE,2008-11-23 00:00:00,Ajda ROJC
8,IFSC European Youth Series (L) - Annecy (FRA) 2008,26,YOUTH A FEMALE,2008-11-02 00:00:00,Ajda ROJC
9,IFSC European Youth Series (L+S) - Wuppertal (GER) 2008,28,YOUTH A FEMALE,2008-06-22 00:00:00,Ajda ROJC
10,IFSC European Youth Series (L) - Prague (CZE) 2008,20,YOUTH A FEMALE,2008-05-18 00:00:00,Ajda ROJC
11,European Youth Series - Kranj (SLO) 2007,15,YOUTH B FEMALE,2007-11-25 00:00:00,Ajda ROJC
12,European Youth Series - Linz (AUT) 2007,25,YOUTH B FEMALE,2007-10-28 00:00:00,Ajda ROJC
13,European Youth Cup - Annecy (FRA) 2006,26,YOUTH B FEMALE,2006-10-29 00:00:00,Ajda ROJC
14,European Youth Cup - Velika Tarnovo (BUL) 2006,16,YOUTH B FEMALE,2006-10-08 00:00:00,Ajda ROJC
15,UIAA World Youth Championship - Imst (AUT) 2006,41,YOUTH B FEMALE,2006-08-27 00:00:00,Ajda ROJC
