,event,rank,para_class,date,name
0,IFSC Climbing Worldcup (L+S) - Puurs (BEL) 2008,31,WOMEN,2008-09-27 00:00:00,Aki TANAKA
1,IFSC Climbing Worldcup (L) - Imst (AUT) 2008,32,WOMEN,2008-09-20 00:00:00,Aki TANAKA
2,IFSC Climbing Worldcup (L) - Bern (SUI) 2008,28,WOMEN,2008-09-13 00:00:00,Aki TANAKA
3,IFSC Climbing Worldcup (S + L) - Qinghai (CHN) 2008,13,WOMEN,2008-06-28 00:00:00,Aki TANAKA
4,IFSC Asian Championships (B+L+S) - Guangzhou (CHN) 2008,4,WOMEN,2008-05-25 00:00:00,Aki TANAKA
5,IFSC Asian Championships - Guangzhou (CHN) 2007,9,WOMEN,2007-11-11 00:00:00,Aki TANAKA
6,Promo Event (L+S) Asia Cup - Changsha (CMA),5,WOMEN,2007-11-06 00:00:00,Aki TANAKA
7,IFSC Climbing Worldcup (L) - Kazo (JPN) 2007,20,WOMEN,2007-10-14 00:00:00,Aki TANAKA
8,UIAA Asian Championships - Kaoshiung (TPE) 2006,7,WOMEN,2006-10-29 00:00:00,Aki TANAKA
