,event,rank,para_class,date,name
0,UIAA Worldcup - Zürich 1993,18,WOMEN,1993-05-15 00:00:00,Akiko OOIWA
1,UIAA World Championship - Innsbruck 1993,12,WOMEN,1993-04-30 00:00:00,Akiko OOIWA
2,UIAA Worldcup - Frankfurt 1993,35,WOMEN,1993-04-02 00:00:00,Akiko OOIWA
3,UIAA Worldcup - Nürnberg 1992,10,WOMEN,1992-10-30 00:00:00,Akiko OOIWA
4,UIAA Worldcup - Kobe 1992,8,WOMEN,1992-10-08 00:00:00,Akiko OOIWA
5,UIAA Worldcup - Zürich 1992,19,WOMEN,1992-05-01 00:00:00,Akiko OOIWA
6,UIAA Worldcup - Tokio 1991,9,WOMEN,1991-10-16 00:00:00,Akiko OOIWA
