,event,rank,para_class,date,name
0,IFSC Climbing Worldcup (L) - Kranj (SLO) 2014,11,MEN,2014-11-16 00:00:00,Akito MATSUSHIMA
1,IFSC Climbing Worldcup (L) - Inzai (JPN) 2014,20,MEN,2014-10-26 00:00:00,Akito MATSUSHIMA
2,"IFSC Climbing Worldcup (L,S) - Wujiang (CHN) 2014",6,MEN,2014-10-19 00:00:00,Akito MATSUSHIMA
3,"IFSC Climbing Worldcup (L,S) - Mokpo (KOR) 2014",7,MEN,2014-10-12 00:00:00,Akito MATSUSHIMA
4,IFSC Climbing Worldcup (L) - Briançon (FRA) 2014,15,MEN,2014-07-20 00:00:00,Akito MATSUSHIMA
5,"IFSC Climbing Worldcup (L,S) - Chamonix (FRA) 2014",11,MEN,2014-07-12 00:00:00,Akito MATSUSHIMA
6,"IFSC Climbing Worldcup (L, B, S) - Haiyang (CHN) 2014",11,MEN,2014-06-22 00:00:00,Akito MATSUSHIMA
7,IFSC Climbing Worldcup (L) - Kranj (SLO) 2013,20,MEN,2013-11-17 00:00:00,Akito MATSUSHIMA
8,"IFSC Climbing Worldcup (L,S) - Wujiang (CHN) 2013",15,MEN,2013-10-20 00:00:00,Akito MATSUSHIMA
9,"IFSC Climbing Worldcup (L,S) - Mokpo (KOR) 2013",12,MEN,2013-10-12 00:00:00,Akito MATSUSHIMA
10,IFSC Climbing Worldcup (L) - Puurs (BEL) 2013,12,MEN,2013-09-21 00:00:00,Akito MATSUSHIMA
11,IFSC Climbing Worldcup (L) - Kranj (SLO) 2012,10,MEN,2012-11-18 00:00:00,Akito MATSUSHIMA
12,IFSC Climbing Worldcup (L) - Inzai (JPN) 2012,12,MEN,2012-10-28 00:00:00,Akito MATSUSHIMA
13,"IFSC Climbing Worldcup (L,S) - Mokpo (KOR) 2012",11,MEN,2012-10-21 00:00:00,Akito MATSUSHIMA
14,IFSC Climbing Worldcup (L) - Puurs (BEL) 2012,14,MEN,2012-09-22 00:00:00,Akito MATSUSHIMA
15,IFSC Climbing World Championship - Paris (FRA) 2012,10,MEN,2012-09-16 00:00:00,Akito MATSUSHIMA
16,IFSC Climbing Worldcup (L) - Briançon (FRA) 2012,16,MEN,2012-07-21 00:00:00,Akito MATSUSHIMA
17,"IFSC Climbing Worldcup (L,S) - Chamonix (FRA) 2012",10,MEN,2012-07-13 00:00:00,Akito MATSUSHIMA
18,"Asian Continental Championship - Leye, Guangxi (CHN) 2012",4,MEN,2012-04-28 00:00:00,Akito MATSUSHIMA
19,IFSC Climbing Worldcup (L) - Kranj (SLO) 2011,13,MEN,2011-11-20 00:00:00,Akito MATSUSHIMA
20,"IFSC Climbing Worldcup (L,S) - Changzhi (CHN) 2011",9,MEN,2011-09-08 00:00:00,Akito MATSUSHIMA
21,"IFSC Climbing Worldcup (L,S) - Xining (CHN) 2011",7,MEN,2011-09-03 00:00:00,Akito MATSUSHIMA
22,IFSC Climbing Worldcup (L) - Briançon (FRA) 2011,24,MEN,2011-07-30 00:00:00,Akito MATSUSHIMA
23,IFSC Climbing World Championships - Arco (ITA) 2011,33,MEN,2011-07-24 00:00:00,Akito MATSUSHIMA
24,"IFSC Climbing Worldcup (L,S) - Chamonix (FRA) 2011",27,MEN,2011-07-13 00:00:00,Akito MATSUSHIMA
25,IFSC Climbing Worldcup (L) - Kranj (SLO) 2010,11,MEN,2010-11-14 00:00:00,Akito MATSUSHIMA
26,"IFSC Climbing Worldcup (L, S) - Huaiji (CHN) 2010",7,MEN,2010-10-30 00:00:00,Akito MATSUSHIMA
27,Asian Continental Championship,4,MEN,2010-09-19 00:00:00,Akito MATSUSHIMA
28,"IFSC Climbing Worldcup (L,S) - Chuncheon (KOR) 2010",14,MEN,2010-08-30 00:00:00,Akito MATSUSHIMA
29,"Lead International Event, Open International - Briancon (FRA) 2010",15,MEN,2010-07-31 00:00:00,Akito MATSUSHIMA
30,Rock Master - World Championship Pre-event - Arco (ITA),12,MEN,2010-07-18 00:00:00,Akito MATSUSHIMA
31,"IFSC Climbing Worldcup (L,S) - Chamonix (FRA) 2010",21,MEN,2010-07-13 00:00:00,Akito MATSUSHIMA
32,IFSC Climbing Worldcup (L) - Kranj (SLO) 2009,13,MEN,2009-11-15 00:00:00,Akito MATSUSHIMA
33,IFSC Climbing Worldcup (L) - Brno (CZE) 2009,6,MEN,2009-11-07 00:00:00,Akito MATSUSHIMA
34,Asia Championship - Chuncheon (KOR) - 2009,4,MEN,2009-08-30 00:00:00,Akito MATSUSHIMA
35,IFSC Climbing World Championships - Qinghai (CHN) 2009,13,MEN,2009-07-05 00:00:00,Akito MATSUSHIMA
36,IFSC Climbing Worldcup (L) - Kazo (JPN) 2007,10,MEN,2007-10-14 00:00:00,Akito MATSUSHIMA
37,UIAA Asian Championships - Kaoshiung (TPE) 2006,4,MEN,2006-10-29 00:00:00,Akito MATSUSHIMA
38,UIAA Asian Championship - Jeolla Nam Do (KOR) 2004,10,MEN,2004-10-30 00:00:00,Akito MATSUSHIMA
39,UIAA Worldcup - Lecco (ITA) 2001,53,MEN,2001-09-22 00:00:00,Akito MATSUSHIMA
40,UIAA World Championship - Winterthur (SUI) 2001,61,MEN,2001-09-08 00:00:00,Akito MATSUSHIMA
41,UIAA Worldcup - Chamonix (FRA) 2001,49,MEN,2001-07-15 00:00:00,Akito MATSUSHIMA
42,UIAA Youth World Championship - Imst(AUT) 2001,29,JUNIORS MALE,2001-06-24 00:00:00,Akito MATSUSHIMA
43,UIAA Asian Championship - Kuala Lumpur (MAS) 2000,5,MEN,2000-11-24 00:00:00,Akito MATSUSHIMA
44,UIAA World Youth Championship - Amsterdam (NED) 2000,9,JUNIORS MALE,2000-09-01 00:00:00,Akito MATSUSHIMA
45,UIAA Youth Worldchampionship - Courmayeur (ITA) 1999,12,YOUTH A MALE,1999-09-03 00:00:00,Akito MATSUSHIMA
