,event,rank,para_class,date,name
0,"IFSC - Climbing World Cup (B,L) - Innsbruck (AUT) 2021",3,WOMEN,2021-06-26 00:00:00,Akiyo NOGUCHI
1,IFSC Climbing Worldcup (L) - Inzai (JPN) 2019,4,WOMEN,2019-10-27 00:00:00,Akiyo NOGUCHI
2,"IFSC Climbing Worldcup (L, S) - Xiamen (CHN) 2019",2,WOMEN,2019-10-20 00:00:00,Akiyo NOGUCHI
3,IFSC Climbing World Championships - Hachioji (JPN) 2019,5,WOMEN,2019-08-21 00:00:00,Akiyo NOGUCHI
4,"IFSC Climbing Worldcup (L, S) - Chamonix (FRA) 2019",10,WOMEN,2019-07-13 00:00:00,Akiyo NOGUCHI
5,"IFSC Climbing Worldcup (L, S) - Villars (SUI) 2019",4,WOMEN,2019-07-06 00:00:00,Akiyo NOGUCHI
6,Asian Championships - Kurayoshi (JPN) 2018,2,WOMEN,2018-11-11 00:00:00,Akiyo NOGUCHI
7,"IFSC Climbing Worldcup (L,S) - Xiamen (CHN) 2018",3,WOMEN,2018-10-28 00:00:00,Akiyo NOGUCHI
8,"IFSC Climbing Worldcup (L,S) - Wujiang (CHN) 2018",4,WOMEN,2018-10-21 00:00:00,Akiyo NOGUCHI
9,IFSC Climbing World Championships - Innsbruck (AUT) 2018,8,WOMEN,2018-09-16 00:00:00,Akiyo NOGUCHI
10,"IFSC Climbing Worldcup (L,S) - Chamonix (FRA) 2018",7,WOMEN,2018-07-13 00:00:00,Akiyo NOGUCHI
11,"IFSC Climbing Worldcup (L,S) - Villars (SUI) 2018",5,WOMEN,2018-07-07 00:00:00,Akiyo NOGUCHI
12,China Open - Guangzhou (CHN) 2017,4,WOMEN,2017-11-19 00:00:00,Akiyo NOGUCHI
13,IFSC Climbing Worldcup (L) - Kranj (SLO) 2017,9,WOMEN,2017-11-12 00:00:00,Akiyo NOGUCHI
14,"IFSC Climbing Worldcup (L,S) - Xiamen (CHN) 2017",6,WOMEN,2017-10-15 00:00:00,Akiyo NOGUCHI
15,"IFSC Climbing Worldcup (L,S) - Wujiang (CHN) 2017",4,WOMEN,2017-10-08 00:00:00,Akiyo NOGUCHI
16,Asian Continental Championships - Tehran (IRI) 2017,2,WOMEN,2017-09-21 00:00:00,Akiyo NOGUCHI
17,The World Games 2017 - Wroclaw (POL) 2017,6,WOMEN,2017-07-23 00:00:00,Akiyo NOGUCHI
18,IFSC Climbing Worldcup (L) - Kranj (SLO) 2016,2,WOMEN,2016-11-27 00:00:00,Akiyo NOGUCHI
19,"IFSC Climbing Worldcup (L, S) - Xiamen (CHN) 2016",4,WOMEN,2016-10-23 00:00:00,Akiyo NOGUCHI
20,Asian Continental Championship - Duyun (CHN) 2016,1,WOMEN,2016-08-06 00:00:00,Akiyo NOGUCHI
21,Asian Continental Championship - Ningbo (CHN) 2015,4,WOMEN,2015-11-24 00:00:00,Akiyo NOGUCHI
22,IFSC Climbing Worldcup (L) - Kranj (SLO) 2015,13,WOMEN,2015-11-15 00:00:00,Akiyo NOGUCHI
23,IFSC Climbing Worldcup (L) - Kranj (SLO) 2014,3,WOMEN,2014-11-16 00:00:00,Akiyo NOGUCHI
24,IFSC Climbing Worldcup (L) - Inzai (JPN) 2014,4,WOMEN,2014-10-26 00:00:00,Akiyo NOGUCHI
25,"IFSC Climbing World Championship (L, S) - Gijon (ESP) 2014",9,WOMEN,2014-09-14 00:00:00,Akiyo NOGUCHI
26,IFSC Climbing Worldcup (L) - Briançon (FRA) 2014,7,WOMEN,2014-07-20 00:00:00,Akiyo NOGUCHI
27,"IFSC Climbing Worldcup (L,S) - Chamonix (FRA) 2014",6,WOMEN,2014-07-12 00:00:00,Akiyo NOGUCHI
28,IFSC Climbing Worldcup (L) - Kranj (SLO) 2013,2,WOMEN,2013-11-17 00:00:00,Akiyo NOGUCHI
29,IFSC Climbing Worldcup (L) - Valence (FRA) 2013,7,WOMEN,2013-11-02 00:00:00,Akiyo NOGUCHI
30,"IFSC Climbing Worldcup (L,S) - Wujiang (CHN) 2013",9,WOMEN,2013-10-20 00:00:00,Akiyo NOGUCHI
31,"IFSC Climbing Worldcup (L,S) - Mokpo (KOR) 2013",7,WOMEN,2013-10-12 00:00:00,Akiyo NOGUCHI
32,IFSC Climbing Worldcup (L) - Puurs (BEL) 2013,5,WOMEN,2013-09-21 00:00:00,Akiyo NOGUCHI
33,"Intl. Event (L, B) - ROCKMASTER - Arco (ITA) 2013",3,WOMEN,2013-09-07 00:00:00,Akiyo NOGUCHI
34,"Intl. Event Open for Rockmaster (L, B) - Arco (ITA) 2013",1,WOMEN,2013-09-06 00:00:00,Akiyo NOGUCHI
35,IFSC Climbing Worldcup (L) - Briançon (FRA) 2013,6,WOMEN,2013-07-20 00:00:00,Akiyo NOGUCHI
36,IFSC Climbing Worldcup (L) - Kranj (SLO) 2012,5,WOMEN,2012-11-18 00:00:00,Akiyo NOGUCHI
37,IFSC Climbing Worldcup (L) - Inzai (JPN) 2012,6,WOMEN,2012-10-28 00:00:00,Akiyo NOGUCHI
38,"IFSC Climbing Worldcup (L,S) - Mokpo (KOR) 2012",5,WOMEN,2012-10-21 00:00:00,Akiyo NOGUCHI
39,IFSC Climbing Worldcup (L) - Puurs (BEL) 2012,6,WOMEN,2012-09-22 00:00:00,Akiyo NOGUCHI
40,IFSC Climbing Worldcup (L) - Boulder (USA) 2011,6,WOMEN,2011-10-09 00:00:00,Akiyo NOGUCHI
41,IFSC Climbing Worldcup (L) - Puurs (BEL) 2011,5,WOMEN,2011-10-01 00:00:00,Akiyo NOGUCHI
42,IFSC Climbing Worldcup (L) - Kranj (SLO) 2010,3,WOMEN,2010-11-14 00:00:00,Akiyo NOGUCHI
43,"IFSC Climbing Worldcup (L, S) - Huaiji (CHN) 2010",9,WOMEN,2010-10-30 00:00:00,Akiyo NOGUCHI
44,Asian Continental Championship,2,WOMEN,2010-09-19 00:00:00,Akiyo NOGUCHI
45,"IFSC Climbing Worldcup (L,S) - Chuncheon (KOR) 2010",9,WOMEN,2010-08-30 00:00:00,Akiyo NOGUCHI
46,"IFSC Climbing Worldcup (L, S) - Xining (CHN) 2010",3,WOMEN,2010-08-21 00:00:00,Akiyo NOGUCHI
47,IFSC Climbing Worldcup (L) - Kranj (SLO) 2009,2,WOMEN,2009-11-15 00:00:00,Akiyo NOGUCHI
48,IFSC Climbing Worldcup (L) - Brno (CZE) 2009,7,WOMEN,2009-11-07 00:00:00,Akiyo NOGUCHI
49,IFSC Climbing Worldcup (L) - Puurs (BEL) 2009,13,WOMEN,2009-09-26 00:00:00,Akiyo NOGUCHI
50,Asia Championship - Chuncheon (KOR) - 2009,2,WOMEN,2009-08-30 00:00:00,Akiyo NOGUCHI
51,"IFSC Climbing Worldcup (S, L) - Chamonix (FRA) 2009",10,WOMEN,2009-07-13 00:00:00,Akiyo NOGUCHI
52,IFSC Climbing World Championships - Qinghai (CHN) 2009,8,WOMEN,2009-07-05 00:00:00,Akiyo NOGUCHI
53,IFSC Climbing Worldcup (L) - Kranj (SLO) 2008,3,WOMEN,2008-11-16 00:00:00,Akiyo NOGUCHI
54,IFSC Climbing Worldcup (L+S) - Puurs (BEL) 2008,5,WOMEN,2008-09-27 00:00:00,Akiyo NOGUCHI
55,IFSC Climbing Worldcup (L) - Imst (AUT) 2008,6,WOMEN,2008-09-20 00:00:00,Akiyo NOGUCHI
56,IFSC Climbing Worldcup (L) - Bern (SUI) 2008,5,WOMEN,2008-09-13 00:00:00,Akiyo NOGUCHI
57,IFSC Climbing World Youth Championship - Sydney (AUS) 2008,1,JUNIORS FEMALE,2008-08-31 00:00:00,Akiyo NOGUCHI
58,IFSC Climbing Worldcup (S+L) - Chamonix (FRA) 2008,13,WOMEN,2008-07-13 00:00:00,Akiyo NOGUCHI
59,IFSC Asian Championships - Guangzhou (CHN) 2007,4,WOMEN,2007-11-11 00:00:00,Akiyo NOGUCHI
60,Asian Indoor Games - Macau,2,WOMEN,2007-11-03 00:00:00,Akiyo NOGUCHI
61,IFSC Climbing Worldcup (L) - Kazo (JPN) 2007,12,WOMEN,2007-10-14 00:00:00,Akiyo NOGUCHI
62,IFSC Climbing World Championship (L + B + S) - Aviles (ESP) 2007,11,WOMEN,2007-09-23 00:00:00,Akiyo NOGUCHI
63,IFSC Climbing Worldcup (L+S) - Qinghai (CHN) 2007,17,WOMEN,2007-08-12 00:00:00,Akiyo NOGUCHI
64,IFSC Climbing Worldcup (L) - Zürich (SUI) 2007,24,WOMEN,2007-06-16 00:00:00,Akiyo NOGUCHI
65,UIAA Asian Championships - Kaoshiung (TPE) 2006,2,WOMEN,2006-10-29 00:00:00,Akiyo NOGUCHI
66,UIAA Climbing Worldcup (L) - Marbella (ESP) 2006,14,WOMEN,2006-09-17 00:00:00,Akiyo NOGUCHI
67,UIAA World Youth Championship - Imst (AUT) 2006,2,YOUTH A FEMALE,2006-08-27 00:00:00,Akiyo NOGUCHI
68,UIAA Climbing Worldcup (L+S) - Singapore (SIN) 2006,9,WOMEN,2006-08-06 00:00:00,Akiyo NOGUCHI
69,European Youth Cup - Imst (AUT) 2006 after disqualification,2,YOUTH A FEMALE,2006-05-28 00:00:00,Akiyo NOGUCHI
70,UIAA Climbing Worldcup (L+S) - Dresden (GER) 2006,16,WOMEN,2006-05-20 00:00:00,Akiyo NOGUCHI
71,Asian Youth Championships,1,YOUTH A FEMALE,2005-12-04 00:00:00,Akiyo NOGUCHI
72,UIAA Worldcup (L+S) - Shanghai (CHN) 2005,15,WOMEN,2005-10-22 00:00:00,Akiyo NOGUCHI
73,UIAA World Youth Championship - Bejing (CHN) 2005,3,YOUTH A FEMALE,2005-08-25 00:00:00,Akiyo NOGUCHI
74,UIAA World Championship - Munich (GER) 2005,3,WOMEN,2005-07-05 00:00:00,Akiyo NOGUCHI
75,UIAA World Youth Championship - Edinburgh (GBR) 2004,4,YOUTH B FEMALE,2004-09-12 00:00:00,Akiyo NOGUCHI
76,Youth Worldchampionship - Veliko Tarnovo (BUL) 2003,8,YOUTH B FEMALE,2003-09-21 00:00:00,Akiyo NOGUCHI
