,event,rank,para_class,date,name
0,IFSC - Climbing World Cup (L) - Briançon (FRA) 2023,39,WOMEN,2023-07-15 00:00:00,Alannah YIP
1,"IFSC - Climbing World Cup (L,S) - Chamonix (FRA) 2023",44,WOMEN,2023-07-09 00:00:00,Alannah YIP
2,"IFSC - Climbing World Cup (B,L) - Innsbruck (AUT) 2023",66,WOMEN,2023-06-18 00:00:00,Alannah YIP
3,"IFSC - Climbing World Cup (L,S) - Jakarta (INA) 2022",13,WOMEN,2022-09-26 00:00:00,Alannah YIP
4,"IFSC - Climbing World Cup (L,S) - Edinburgh (GBR) 2022",39,WOMEN,2022-09-11 00:00:00,Alannah YIP
5,IFSC - Climbing World Cup (L) - Koper (SLO) 2022,21,WOMEN,2022-09-03 00:00:00,Alannah YIP
6,IFSC - Climbing World Cup (L) - Briançon (FRA) 2022,39,WOMEN,2022-07-23 00:00:00,Alannah YIP
7,"IFSC - Climbing World Cup (L,S) - Chamonix (FRA) 2022",31,WOMEN,2022-07-10 00:00:00,Alannah YIP
8,"IFSC - Climbing World Cup (L,S) - Villars (SUI) 2022",27,WOMEN,2022-07-02 00:00:00,Alannah YIP
9,"IFSC - Climbing World Cup (B,L) - Innsbruck (AUT) 2022",25,WOMEN,2022-06-26 00:00:00,Alannah YIP
10,IFSC Climbing Worldcup (L) - Inzai (JPN) 2019,27,WOMEN,2019-10-27 00:00:00,Alannah YIP
11,"IFSC Climbing Worldcup (L, S) - Xiamen (CHN) 2019",32,WOMEN,2019-10-20 00:00:00,Alannah YIP
12,IFSC Climbing World Championships - Hachioji (JPN) 2019,38,WOMEN,2019-08-21 00:00:00,Alannah YIP
13,IFSC Climbing Worldcup (L) - Briançon (FRA) 2019,50,WOMEN,2019-07-20 00:00:00,Alannah YIP
14,"IFSC Climbing Worldcup (L, S) - Chamonix (FRA) 2019",35,WOMEN,2019-07-13 00:00:00,Alannah YIP
15,"IFSC Climbing Worldcup (L, S) - Villars (SUI) 2019",31,WOMEN,2019-07-06 00:00:00,Alannah YIP
16,IFSC Climbing World Championships - Innsbruck (AUT) 2018,51,WOMEN,2018-09-16 00:00:00,Alannah YIP
17,IFSC Climbing Worldcup (L) - Briançon (FRA) 2018,47,WOMEN,2018-07-21 00:00:00,Alannah YIP
18,"IFSC Climbing Worldcup (L,S) - Chamonix (FRA) 2018",55,WOMEN,2018-07-13 00:00:00,Alannah YIP
19,IFSC Climbing Worldcup (L) - Chamonix (FRA) 2017,36,WOMEN,2017-07-13 00:00:00,Alannah YIP
20,"IFSC Climbing Worldcup (L,S) - Villars (SUI) 2017",38,WOMEN,2017-07-08 00:00:00,Alannah YIP
21,IFSC Climbing World Championships - Paris (FRA) 2016,43,WOMEN,2016-09-18 00:00:00,Alannah YIP
22,IFSC Climbing Worldcup (L) - Imst (AUT) 2016,40,WOMEN,2016-08-20 00:00:00,Alannah YIP
23,IFSC World Youth Championship - Singapore (SIN) - 2012,26,JUNIORS FEMALE,2012-09-01 00:00:00,Alannah YIP
24,IFSC Climbing Worldcup (L) - Boulder (USA) 2011,20,WOMEN,2011-10-09 00:00:00,Alannah YIP
25,IFSC World Youth Championship - Imst (AUT) - 2011,13,JUNIORS FEMALE,2011-08-28 00:00:00,Alannah YIP
26,European Youth Cup (L) - Imst (AUT) 2011,12,JUNIORS FEMALE,2011-08-14 00:00:00,Alannah YIP
27,IFSC World Youth Championship - Edinburgh (GBR) - 2010,28,YOUTH A FEMALE,2010-09-12 00:00:00,Alannah YIP
28,IFSC World Youth Championships - Valence (FRA) 2009,45,YOUTH A FEMALE,2009-08-30 00:00:00,Alannah YIP
29,North American Championships - Montreal (CAN) 2008,8,YOUTH B FEMALE,2008-12-07 00:00:00,Alannah YIP
30,IFSC Climbing World Youth Championship - Sydney (AUS) 2008,15,YOUTH B FEMALE,2008-08-31 00:00:00,Alannah YIP
31,IFSC Climbing World Youth Championship - Ibarra (ECU) 2007,24,YOUTH B FEMALE,2007-08-26 00:00:00,Alannah YIP
