,event,rank,para_class,date,name
0,"IFSC Climbing Worldcup (L,S) - Chamonix (FRA) 2018",46,MEN,2018-07-13 00:00:00,Alban LEVIER
1,"IFSC Climbing Worldcup (L,S) - Chamonix (FRA) 2015",31,MEN,2015-07-12 00:00:00,Alban LEVIER
2,"European Championship (L,S) - Chamonix (FRA) 2015",19,MEN,2015-07-12 00:00:00,Alban LEVIER
3,"IFSC Climbing World Championship (L, S) - Gijon (ESP) 2014",37,MEN,2014-09-14 00:00:00,Alban LEVIER
4,IFSC Climbing Worldcup (L) - Briançon (FRA) 2014,21,MEN,2014-07-20 00:00:00,Alban LEVIER
5,"IFSC Climbing Worldcup (L,S) - Chamonix (FRA) 2014",14,MEN,2014-07-12 00:00:00,Alban LEVIER
6,European Youth Cup (L) - Pau (FRA) 2011,12,YOUTH A MALE,2011-11-12 00:00:00,Alban LEVIER
