,event,rank,para_class,date,name
0,European Youth Cup - Imst (AUT) 2004,27,YOUTH A MALE,2004-05-15 00:00:00,Alberto LISCIDINI
1,European Youth Cup - Geneva (SUI) 2004,33,YOUTH A MALE,2004-04-03 00:00:00,Alberto LISCIDINI
2,European Youth Cup - Arco (ITA) 2003,25,YOUTH A MALE,2003-05-31 00:00:00,Alberto LISCIDINI
3,European Youth Cup - Imst (AUT) 2003,21,YOUTH A MALE,2003-05-17 00:00:00,Alberto LISCIDINI
4,European Youth Cup - Aprica (ITA) 2001,16,YOUTH B MALE,2001-10-13 00:00:00,Alberto LISCIDINI
