,event,rank,para_class,date,name
0,UIAA World Championship - Munich (GER) 2005,40,MEN,2005-07-05 00:00:00,Alberto GNERRO
1,UIAA Worldcup (L) - Zürich (SUI) 2005,28,MEN,2005-06-25 00:00:00,Alberto GNERRO
2,UIAA Worldcup - Kranj (SLO) 2004,28,MEN,2004-11-20 00:00:00,Alberto GNERRO
3,UIAA Worldcup - Aprica (ITA) 2004,27,MEN,2004-10-22 00:00:00,Alberto GNERRO
4,UIAA Worldcup - Marbella (ESP) 2004,19,MEN,2004-09-18 00:00:00,Alberto GNERRO
5,Int. Event - Rockmaster Arco (ITA) 2004,12,MEN,2004-09-04 00:00:00,Alberto GNERRO
6,UIAA Worldcup - Chamonix (FRA) 2004,54,MEN,2004-07-12 00:00:00,Alberto GNERRO
7,UIAA European Championship - Lecco (ITA) 2004,6,MEN,2004-06-27 00:00:00,Alberto GNERRO
8,UIAA Worldcup - Imst (AUT) 2004,32,MEN,2004-05-29 00:00:00,Alberto GNERRO
9,UIAA Worldcup - Puurs (BEL) 2004,29,MEN,2004-04-25 00:00:00,Alberto GNERRO
10,UIAA Worldcup - Kranj (SLO) 2003,25,MEN,2003-11-16 00:00:00,Alberto GNERRO
11,UIAA Worldcup - Valence (FRA) 2003,39,MEN,2003-10-31 00:00:00,Alberto GNERRO
12,UIAA Worldcup - Aprica (ITA) 2003,21,MEN,2003-10-03 00:00:00,Alberto GNERRO
13,Int. Event - Arco Rockmaster (ITA) 2003,10,MEN,2003-09-27 00:00:00,Alberto GNERRO
14,UIAA Worldchampionship - Chamonix (FRA) 2003,28,MEN,2003-07-13 00:00:00,Alberto GNERRO
15,UIAA Worldcup - Lecco (ITA) 2003 (difficulty),8,MEN,2003-06-28 00:00:00,Alberto GNERRO
16,UIAA Worldcup - Imst (AUT) 2003,21,MEN,2003-05-23 00:00:00,Alberto GNERRO
17,Int. Event - Arco Rockmaster (ITA) 2002,12,MEN,2002-09-07 00:00:00,Alberto GNERRO
18,UIAA European Championship - Chamonix (FRA) 2002,55,MEN,2002-07-14 00:00:00,Alberto GNERRO
19,UIAA Worldcup - Lecco (ITA) 2002 - difficulty,26,MEN,2002-06-29 00:00:00,Alberto GNERRO
20,UIAA Worldcup - Bolzano (ITA) 2002,19,MEN,2002-04-28 00:00:00,Alberto GNERRO
21,UIAA Worldcup - Kranj (SLO) 2001,11,MEN,2001-11-18 00:00:00,Alberto GNERRO
22,UIAA Worldcup - Aprica (ITA) 2001,19,MEN,2001-10-19 00:00:00,Alberto GNERRO
23,UIAA Worldcup - Lecco (ITA) 2001,10,MEN,2001-09-22 00:00:00,Alberto GNERRO
24,Int. Event - Rock Master Arco (ITA) 2001,8,MEN,2001-09-16 00:00:00,Alberto GNERRO
25,UIAA World Championship - Winterthur (SUI) 2001,43,MEN,2001-09-08 00:00:00,Alberto GNERRO
26,Int. Event - Serre Chevalier (FRA) 2001,14,MEN,2001-07-20 00:00:00,Alberto GNERRO
27,UIAA Worldcup - Chamonix (FRA) 2001,21,MEN,2001-07-15 00:00:00,Alberto GNERRO
28,UIAA Worldcup - Kranj (SLO) 2000,8,MEN,2000-11-17 00:00:00,Alberto GNERRO
29,UIAA Worldcup - Nantes (FRA) 2000,20,MEN,2000-11-02 00:00:00,Alberto GNERRO
30,UIAA European Championship - München (GER) 2000,34,MEN,2000-10-07 00:00:00,Alberto GNERRO
31,UIAA Worldcup - Courmayeur (ITA) 2000,7,MEN,2000-09-29 00:00:00,Alberto GNERRO
32,UIAA Worldcup - Lecco (ITA) 2000,10,MEN,2000-09-23 00:00:00,Alberto GNERRO
33,UIAA Masters - Serre-Chevalier (FRA) 1999,24,MEN,1999-07-22 00:00:00,Alberto GNERRO
34,UIAA Worldcup - Imst 1997,20,MEN,1997-11-22 00:00:00,Alberto GNERRO
35,UIAA Worldcup - Kranj 1997,50,MEN,1997-11-09 00:00:00,Alberto GNERRO
36,UIAA Worldcup - Courmayeur 1997,12,MEN,1997-09-05 00:00:00,Alberto GNERRO
37,UIAA World Championchip - Paris 1997,75,MEN,1997-02-01 00:00:00,Alberto GNERRO
38,UIAA Worldcup - Graz 1996,40,MEN,1996-12-15 00:00:00,Alberto GNERRO
39,UIAA Worldcup - Kranj 1996,9,MEN,1996-11-24 00:00:00,Alberto GNERRO
40,UIAA Worldcup - Ekaterinburg 1996,9,MEN,1996-09-19 00:00:00,Alberto GNERRO
41,UIAA Masters - Serre Chevalier 1996,14,MEN,1996-07-25 00:00:00,Alberto GNERRO
42,UIAA Worldcup - Aix-les-Bains 1995,15,MEN,1995-12-08 00:00:00,Alberto GNERRO
43,UIAA Worldcup - Birmingham 1994,37,MEN,1994-11-26 00:00:00,Alberto GNERRO
44,UIAA Masters - L'Argentiere 1994,28,MEN,1994-07-28 00:00:00,Alberto GNERRO
45,UIAA Worldcup - Laval 1993,49,MEN,1993-12-10 00:00:00,Alberto GNERRO
46,UIAA Worldcup - Nürnberg 1993,30,MEN,1993-11-05 00:00:00,Alberto GNERRO
47,UIAA Worldcup - Black See 1993,4,MEN,1993-08-27 00:00:00,Alberto GNERRO
48,Masters Serre-Chevalier 1993,18,MEN,1993-07-22 00:00:00,Alberto GNERRO
49,UIAA Worldcup - Zürich 1993,66,MEN,1993-05-15 00:00:00,Alberto GNERRO
50,UIAA Worldcup - Frankfurt 1993,37,MEN,1993-04-02 00:00:00,Alberto GNERRO
51,UIAA Worldcup - Laval 1992,47,MEN,1992-11-20 00:00:00,Alberto GNERRO
52,UIAA Worldcup - Nürnberg 1992,33,MEN,1992-10-30 00:00:00,Alberto GNERRO
53,UIAA European Championship - Frankfurt 1992,22,MEN,1992-09-18 00:00:00,Alberto GNERRO
54,Masters Serre Chevalier 1992,22,MEN,1992-07-21 00:00:00,Alberto GNERRO
55,UIAA Worldcup - Zürich 1992,49,MEN,1992-05-01 00:00:00,Alberto GNERRO
56,UIAA Worldcup - Birmingham 1991,29,MEN,1991-12-05 00:00:00,Alberto GNERRO
57,UIAA Worldcup - Clusone 1991,37,MEN,1991-08-30 00:00:00,Alberto GNERRO
