,event,rank,para_class,date,name
0,European Youth Series - Annecy (France) 2010,21,JUNIORS MALE,2010-10-24 00:00:00,Alejandro GRANADOS PEREZ
1,IFSC World Youth Championship - Edinburgh (GBR) - 2010,35,JUNIORS MALE,2010-09-12 00:00:00,Alejandro GRANADOS PEREZ
2,European Youth Series - Wien (AUT) 2010,28,JUNIORS MALE,2010-08-15 00:00:00,Alejandro GRANADOS PEREZ
3,European Youth Series - Imst (AUT) 2010,21,JUNIORS MALE,2010-06-06 00:00:00,Alejandro GRANADOS PEREZ
4,IFSC World Youth Championships - Valence (FRA) 2009,43,JUNIORS MALE,2009-08-30 00:00:00,Alejandro GRANADOS PEREZ
5,IFSC European Youth Series (L) - Annecy (FRA) 2008,26,YOUTH A MALE,2008-11-02 00:00:00,Alejandro GRANADOS PEREZ
6,IFSC European Youth Series (L+S) - Wuppertal (GER) 2008,36,YOUTH A MALE,2008-06-22 00:00:00,Alejandro GRANADOS PEREZ
7,European Youth Series - Leipzig (GER) 2007,41,YOUTH A MALE,2007-07-08 00:00:00,Alejandro GRANADOS PEREZ
