,event,rank,para_class,date,name
0,European Youth Cup (L) - Imst (AUT) 2016,16,YOUTH A MALE,2016-05-29 00:00:00,Alejandro VENTAJAS SERRANO
1,European Youth Cup (L) - Imst (AUT) 2014,14,YOUTH B MALE,2014-06-01 00:00:00,Alejandro VENTAJAS SERRANO
2,European Youth Cup (L) - Stavanger (NOR) 2013,15,YOUTH B MALE,2013-09-08 00:00:00,Alejandro VENTAJAS SERRANO
3,"European Youth Championship (L,S) - Imst (AUT) 2013",20,YOUTH B MALE,2013-07-28 00:00:00,Alejandro VENTAJAS SERRANO
4,"European Youth Cup (L, S) - Edinburgh (GBR) 2013",8,YOUTH B MALE,2013-06-09 00:00:00,Alejandro VENTAJAS SERRANO
