,event,rank,para_class,date,name
0,"PanAmerican Youth Championship (L,S, B) - Mexico City (MEX) 2014",7,JUNIORS MALE,2014-11-30 00:00:00,Alejandro MARTINEZ CORDERO
1,"IFSC World Youth Championship - Noumea, New Caledonia (FRA) - 2014",29,JUNIORS MALE,2014-09-23 00:00:00,Alejandro MARTINEZ CORDERO
2,IFSC World Youth Championship - Central Saanich (CAN) - 2013,31,JUNIORS MALE,2013-08-19 00:00:00,Alejandro MARTINEZ CORDERO
3,"PanAmerican Youth Championship (L,S, B) - Santiago (CHI) 2012",6,YOUTH A MALE,2012-11-25 00:00:00,Alejandro MARTINEZ CORDERO
4,IFSC World Youth Championship - Singapore (SIN) - 2012,30,YOUTH A MALE,2012-09-01 00:00:00,Alejandro MARTINEZ CORDERO
5,IFSC World Youth Championship - Imst (AUT) - 2011,42,YOUTH A MALE,2011-08-28 00:00:00,Alejandro MARTINEZ CORDERO
