,event,rank,para_class,date,name
0,IFSC Climbing Worldcup (S + L) - Qinghai (CHN) 2008,23,MEN,2008-06-28 00:00:00,Aleksey PEROV
1,IFSC Asian Championships (B+L+S) - Guangzhou (CHN) 2008,22,MEN,2008-05-25 00:00:00,Aleksey PEROV
2,IFSC Climbing World Championship (L + B + S) - Aviles (ESP) 2007,77,MEN,2007-09-23 00:00:00,Aleksey PEROV
3,IFSC Climbing Worldcup (L) - Imst (AUT) 2007,56,MEN,2007-05-12 00:00:00,Aleksey PEROV
4,UIAA World Youth Championship - Imst (AUT) 2006,84,YOUTH A MALE,2006-08-27 00:00:00,Aleksey PEROV
