,event,rank,para_class,date,name
0,"IFSC - Climbing World Cup (L,S) - Villars (SUI) 2021",34,MEN,2021-07-03 00:00:00,Aleksey RUBTSOV
1,"IFSC Europe - Continental Championships (B,S,L,C) - Moscow (RUS) 2020",25,MEN,2020-11-29 00:00:00,Aleksey RUBTSOV
2,"IFSC Climbing Worldcup (L, S) - Xiamen (CHN) 2019",18,MEN,2019-10-20 00:00:00,Aleksey RUBTSOV
3,IFSC Climbing Worldcup (L) - Kranj (SLO) 2019,43,MEN,2019-09-29 00:00:00,Aleksey RUBTSOV
4,International Climbing Series - China Open - Guangzhou (CHN) 2018,5,MEN,2018-11-18 00:00:00,Aleksey RUBTSOV
5,International Climbing Series - China Open Semifinals &amp; Finals - Guanzhou (CHN) 2018,9,MEN,2018-11-17 00:00:00,Aleksey RUBTSOV
6,IFSC Climbing World Championships - Innsbruck (AUT) 2018,21,MEN,2018-09-16 00:00:00,Aleksey RUBTSOV
7,"IFSC Climbing Worldcup (L,S) - Villars (SUI) 2018",33,MEN,2018-07-07 00:00:00,Aleksey RUBTSOV
8,China Open - Guangzhou (CHN) 2017,11,MEN,2017-11-19 00:00:00,Aleksey RUBTSOV
9,China Open Qualification - Guangzhou (CHN) 2017,1,MEN,2017-11-17 00:00:00,Aleksey RUBTSOV
10,IFSC Climbing Worldcup (L) - Briançon (FRA) 2017,21,MEN,2017-07-29 00:00:00,Aleksey RUBTSOV
11,"IFSC Climbing Worldcup (L,S) - Villars (SUI) 2017",17,MEN,2017-07-08 00:00:00,Aleksey RUBTSOV
12,IFSC Climbing Worldcup (L) - Briançon (FRA) 2016,45,MEN,2016-07-23 00:00:00,Aleksey RUBTSOV
