,event,rank,para_class,date,name
0,"IFSC Climbing Worldcup (L, S) - Chamonix (FRA) 2019",88,MEN,2019-07-13 00:00:00,Aleksei SHCHERVIANIN
1,"IFSC Climbing Worldcup (L, S) - Villars (SUI) 2019",53,MEN,2019-07-06 00:00:00,Aleksei SHCHERVIANIN
2,IFSC Climbing Worldcup (L) - Kranj (SLO) 2018,41,MEN,2018-09-30 00:00:00,Aleksei SHCHERVIANIN
3,"IFSC Climbing Worldcup (L,S) - Arco (ITA) 2018",64,MEN,2018-07-28 00:00:00,Aleksei SHCHERVIANIN
4,IFSC Climbing Worldcup (L) - Briançon (FRA) 2018,63,MEN,2018-07-21 00:00:00,Aleksei SHCHERVIANIN
5,IFSC Climbing Worldcup (L) - Chamonix (FRA) 2017,53,MEN,2017-07-13 00:00:00,Aleksei SHCHERVIANIN
6,"IFSC Climbing Worldcup (L,S) - Villars (SUI) 2017",48,MEN,2017-07-08 00:00:00,Aleksei SHCHERVIANIN
7,"European Championship (L,S) - Campitello di Fassa (ITA) 2017",63,MEN,2017-07-01 00:00:00,Aleksei SHCHERVIANIN
8,"Intl. Event Open for Rockmaster (L, B) - Arco (ITA) 2013",17,MEN,2013-09-06 00:00:00,Aleksei SHCHERVIANIN
9,"IFSC Climbing Worldcup (L,S) - Chamonix (FRA) 2011",20,MEN,2011-07-13 00:00:00,Aleksei SHCHERVIANIN
10,IFSC Climbing Worldcup (L) - Kranj (SLO) 2009,61,MEN,2009-11-15 00:00:00,Aleksei SHCHERVIANIN
11,IFSC Climbing Worldcup (L) - Brno (CZE) 2009,44,MEN,2009-11-07 00:00:00,Aleksei SHCHERVIANIN
12,European Youth Cup - Gdansk (POL) 2006,10,JUNIORS MALE,2006-07-23 00:00:00,Aleksei SHCHERVIANIN
