,event,rank,para_class,date,name
0,"European Youth Championships (L,S) - Voronezh (RUS) 2019",11,JUNIORS MALE,2019-10-20 00:00:00,Aleksei IAKUSHEV
1,IFSC Youth World Championships - Arco (ITA) 2019,21,JUNIORS MALE,2019-08-31 00:00:00,Aleksei IAKUSHEV
2,European Youth Cup (L) - St. Pierre Faucigny (FRA) 2019,18,JUNIORS MALE,2019-06-30 00:00:00,Aleksei IAKUSHEV
3,European Youth Cup (L) - Ostermundigen (SUI) 2019,12,JUNIORS MALE,2019-06-23 00:00:00,Aleksei IAKUSHEV
4,European Youth Cup (L) - Munich (GER) 2018,5,JUNIORS MALE,2018-07-08 00:00:00,Aleksei IAKUSHEV
5,European Youth Cup (L) - Uster (SUI) 2018,12,JUNIORS MALE,2018-07-01 00:00:00,Aleksei IAKUSHEV
6,"European Youth Championships (L,S) - Perm (RUS) 2017",10,YOUTH A MALE,2017-10-01 00:00:00,Aleksei IAKUSHEV
7,IFSC Youth World Championships - Innsbruck (AUT) - 2017,23,YOUTH A MALE,2017-09-10 00:00:00,Aleksei IAKUSHEV
