,event,rank,para_class,date,name
0,IFSC Climbing Worldcup (L) - Inzai (JPN) 2019,44,MEN,2019-10-27 00:00:00,Aleksandr SHIKOV
1,"IFSC Climbing Worldcup (L, S) - Xiamen (CHN) 2019",51,MEN,2019-10-20 00:00:00,Aleksandr SHIKOV
2,IFSC Climbing Worldcup (L) - Kranj (SLO) 2019,68,MEN,2019-09-29 00:00:00,Aleksandr SHIKOV
3,IFSC Climbing World Championships - Hachioji (JPN) 2019,63,MEN,2019-08-21 00:00:00,Aleksandr SHIKOV
4,"IFSC Climbing Worldcup (L, S) - Chamonix (FRA) 2019",52,MEN,2019-07-13 00:00:00,Aleksandr SHIKOV
5,"IFSC Climbing Worldcup (L,S) - Arco (ITA) 2018",81,MEN,2018-07-28 00:00:00,Aleksandr SHIKOV
6,"IFSC Climbing Worldcup (L,S) - Chamonix (FRA) 2018",87,MEN,2018-07-13 00:00:00,Aleksandr SHIKOV
7,"IFSC Climbing Worldcup (L,S) - Xiamen (CHN) 2017",31,MEN,2017-10-15 00:00:00,Aleksandr SHIKOV
8,IFSC World Youth Championships - Arco (ITA) - 2015,58,JUNIORS MALE,2015-09-06 00:00:00,Aleksandr SHIKOV
9,European Universities Sport Climbing Championship - Katowice (POL) 2015,16,MEN,2015-08-09 00:00:00,Aleksandr SHIKOV
10,Promotional Event - (L) - Haiyang (CHN) 2013,12,MEN,2013-10-16 00:00:00,Aleksandr SHIKOV
11,"European Youth Championship (L,S) - Gémozac (FRA) 2012",24,YOUTH B MALE,2012-11-04 00:00:00,Aleksandr SHIKOV
12,IFSC World Youth Championship - Singapore (SIN) - 2012,17,YOUTH B MALE,2012-09-01 00:00:00,Aleksandr SHIKOV
13,"European Youth Cup (L,S) - Moscow (RUS) 2012",1,YOUTH B MALE,2012-05-27 00:00:00,Aleksandr SHIKOV
