,event,rank,para_class,date,name
0,IFSC Climbing Worldcup (L) - Kranj (SLO) 2007,29,MEN,2007-11-18 00:00:00,Alessandro FIORI
1,IFSC Climbing Worldcup (L) - Valence (FRA) 2007,28,MEN,2007-11-03 00:00:00,Alessandro FIORI
2,IFSC Climbing Worldcup (S+L) - Chamonix (FRA) 2007,39,MEN,2007-07-13 00:00:00,Alessandro FIORI
3,IFSC Climbing Worldcup (L) - Zürich (SUI) 2007,25,MEN,2007-06-16 00:00:00,Alessandro FIORI
4,IFSC Climbing Worldcup (L) - Imst (AUT) 2007,33,MEN,2007-05-12 00:00:00,Alessandro FIORI
5,UIAA World Youth Championship - Imst (AUT) 2006,18,JUNIORS MALE,2006-08-27 00:00:00,Alessandro FIORI
6,European Youth Cup - Imst (AUT) 2006 after disqualification,17,JUNIORS MALE,2006-05-28 00:00:00,Alessandro FIORI
7,European Youth Cup - Kranj (SLO) 2005,8,JUNIORS MALE,2005-11-26 00:00:00,Alessandro FIORI
8,European Youth Cup - Geneva (SUI) 2005,16,JUNIORS MALE,2005-10-08 00:00:00,Alessandro FIORI
9,UIAA World Youth Championship - Bejing (CHN) 2005,21,JUNIORS MALE,2005-08-25 00:00:00,Alessandro FIORI
10,European Youth Cup - Imst (AUT) 2005,10,JUNIORS MALE,2005-05-21 00:00:00,Alessandro FIORI
11,European Youth Cup - Kranj (SLO) 2004,9,YOUTH A MALE,2004-11-27 00:00:00,Alessandro FIORI
12,UIAA World Youth Championship - Edinburgh (GBR) 2004,6,YOUTH A MALE,2004-09-12 00:00:00,Alessandro FIORI
13,European Youth Cup - Imst (AUT) 2004,21,YOUTH A MALE,2004-05-15 00:00:00,Alessandro FIORI
14,European Youth Cup - Geneva (SUI) 2004,14,YOUTH A MALE,2004-04-03 00:00:00,Alessandro FIORI
15,European Youth Cup - Arco (ITA) 2003,24,YOUTH A MALE,2003-05-31 00:00:00,Alessandro FIORI
16,European Youth Cup - Imst (AUT) 2003,23,YOUTH A MALE,2003-05-17 00:00:00,Alessandro FIORI
