,event,rank,para_class,date,name
0,IFSC European Youth Series - Kranj (SLO) 2009,24,YOUTH B MALE,2009-11-22 00:00:00,Alessandro BOULOS
1,IFSC European Youth Series - Edinburgh (GBR),17,YOUTH B MALE,2009-09-20 00:00:00,Alessandro BOULOS
2,IFSC European Youth Series (L+S) - Munich (GER),28,YOUTH B MALE,2009-09-13 00:00:00,Alessandro BOULOS
3,IFSC World Youth Championships - Valence (FRA) 2009,43,YOUTH B MALE,2009-08-30 00:00:00,Alessandro BOULOS
4,European Youth Series - Imst (AUT) 2009,21,YOUTH B MALE,2009-05-24 00:00:00,Alessandro BOULOS
