,event,rank,para_class,date,name
0,Youth Worldchampionship - Veliko Tarnovo (BUL) 2003,13,JUNIORS MALE,2003-09-21 00:00:00,Alessandro RIZ
1,European Youth Cup - Niederwangen (SUI) 2003,6,JUNIORS MALE,2003-09-13 00:00:00,Alessandro RIZ
2,European Youth Cup - Arco (ITA) 2003,5,JUNIORS MALE,2003-05-31 00:00:00,Alessandro RIZ
3,European Youth Cup - Imst (AUT) 2003,13,JUNIORS MALE,2003-05-17 00:00:00,Alessandro RIZ
4,European Youth Cup - Kranj (SLO) 2002,9,JUNIORS MALE,2002-11-23 00:00:00,Alessandro RIZ
5,European Youth Cup - Veliko Tarnovo (BUL) 2002,7,JUNIORS MALE,2002-11-09 00:00:00,Alessandro RIZ
6,European Youth Cup - Arco (ITA) 2002,31,JUNIORS MALE,2002-06-22 00:00:00,Alessandro RIZ
7,European Youth Cup - Imst (AUT) 2002,34,JUNIORS MALE,2002-06-15 00:00:00,Alessandro RIZ
8,European Youth Cup - Aprica (ITA) 2001,13,YOUTH A MALE,2001-10-13 00:00:00,Alessandro RIZ
