,event,rank,para_class,date,name
0,IFSC - Paraclimbing World Cup (L) - Villars (SUI) 2023,10,MEN RP2,2023-06-24 00:00:00,Alessio CORNAMUSINI
1,IFSC - Paraclimbing World Cup (L) - Innsbruck (AUT) 2022,8,MEN RP2,2022-06-22 00:00:00,Alessio CORNAMUSINI
2,IFSC - Paraclimbing World Cup (L) - Briançon (FRA) 2021,5,MEN RP2,2021-07-15 00:00:00,Alessio CORNAMUSINI
3,IFSC - Paraclimbing World Cup (L) - Innsbruck (AUT) 2021,5,MEN RP2,2021-06-24 00:00:00,Alessio CORNAMUSINI
4,IFSC Paraclimbing World Championships - Briançon (FRA) 2019,2,MEN RP1,2019-07-17 00:00:00,Alessio CORNAMUSINI
5,IFSC Paraclimbing World Championships - Innsbruck (AUT) 2018,1,MEN RP1,2018-09-16 00:00:00,Alessio CORNAMUSINI
6,Paraclimbing Cup (L) - Briançon (FRA) 2018,6,MEN RP2,2018-07-18 00:00:00,Alessio CORNAMUSINI
7,Paraclimbing Master (L) - Imst (AUT) 2017,2,MEN RP2,2017-07-09 00:00:00,Alessio CORNAMUSINI
8,IFSC Paraclimbing World Championships - Paris (FRA) 2016,2,MEN RP2,2016-09-18 00:00:00,Alessio CORNAMUSINI
9,Paraclimbing Master (L) - Imst (AUT) 2016,2,MEN RP2,2016-07-17 00:00:00,Alessio CORNAMUSINI
10,Paraclimbing Cup (L) - Campitello di Fassa (ITA) 2016,2,MEN RP2,2016-06-25 00:00:00,Alessio CORNAMUSINI
11,Paraclimbing Cup (L) - Sheffield (GBR) 2015,1,MEN NEUROLOGICAL PHYSICAL DISABILITY B,2015-10-04 00:00:00,Alessio CORNAMUSINI
12,Paraclimbing Cup (L) - Chamonix (FRA) 2015,4,MEN NEUROLOGICAL PHYSICAL DISABILITY B,2015-07-11 00:00:00,Alessio CORNAMUSINI
13,Paraclimbing Cup (L) - Imst (AUT) 2015,1,MEN NEUROLOGICAL PHYSICAL DISABILITY B,2015-06-28 00:00:00,Alessio CORNAMUSINI
14,IFSC Paraclimbing World Championship - Gijon (ESP) 2014,2,MEN NEUROLOGICAL PHYSICAL DISABILITY B,2014-09-14 00:00:00,Alessio CORNAMUSINI
15,Paraclimbing Cup Arco 2014 - Arco (ITA) 2014,2,MEN NEUROLOGICAL PHYSICAL DISABILITY B,2014-08-29 00:00:00,Alessio CORNAMUSINI
16,Paraclimbing Cup Imst (Lead) 2014 - Imst (AUT) 2014,1,MEN NEUROLOGICAL PHYSICAL DISABILITY B,2014-07-05 00:00:00,Alessio CORNAMUSINI
17,Paraclimbing Cup London (Lead) 2013 - London (GBR) 2013,1,MEN NEUROLOGICAL PHYSICAL DISABILITY B,2013-09-22 00:00:00,Alessio CORNAMUSINI
18,Paraclimbing Cup Arco 2013 - Arco (ITA) 2013,2,MEN NEUROLOGICAL PHYSICAL DISABILITY B,2013-09-06 00:00:00,Alessio CORNAMUSINI
19,European Paraclimbing Lead Championship - Chamonix (FRA) 2013,2,MEN ARTHRITIS+NEUROLOGICAL PD 2,2013-07-13 00:00:00,Alessio CORNAMUSINI
20,IFSC Paraclimbing World Championship - Paris (FRA) 2012,6,MEN ARTHRITIS+NEUROLOGICAL PD 1,2012-09-16 00:00:00,Alessio CORNAMUSINI
