,event,rank,para_class,date,name
0,European Youth Cup - Kranj (SLO) 2004,28,YOUTH A MALE,2004-11-27 00:00:00,Ales JURJEC
1,European Youth Cup - Imst (AUT) 2004,8,YOUTH A MALE,2004-05-15 00:00:00,Ales JURJEC
2,European Youth Cup - Geneva (SUI) 2004,18,YOUTH A MALE,2004-04-03 00:00:00,Ales JURJEC
3,European Youth Cup - Kranj (SLO) 2003,8,YOUTH B MALE,2003-11-23 00:00:00,Ales JURJEC
4,Youth Worldchampionship - Veliko Tarnovo (BUL) 2003,3,YOUTH B MALE,2003-09-21 00:00:00,Ales JURJEC
5,European Youth Cup - Niederwangen (SUI) 2003,4,YOUTH B MALE,2003-09-13 00:00:00,Ales JURJEC
6,European Youth Cup - Arco (ITA) 2003,12,YOUTH B MALE,2003-05-31 00:00:00,Ales JURJEC
7,European Youth Cup - Kranj (SLO) 2002,6,YOUTH B MALE,2002-11-23 00:00:00,Ales JURJEC
