,event,rank,para_class,date,name
0,"IFSC Climbing Worldcup (L,S) - Arco (ITA) 2018",66,MEN,2018-07-28 00:00:00,Alessandro ZENI
1,"IFSC Climbing Worldcup (L,S) - Arco (ITA) 2017",63,MEN,2017-08-26 00:00:00,Alessandro ZENI
2,"IFSC Climbing Worldcup (L, S) - Arco (ITA) 2016",47,MEN,2016-08-27 00:00:00,Alessandro ZENI
3,IFSC Climbing Worldcup (L) - Briançon (FRA) 2015,67,MEN,2015-07-18 00:00:00,Alessandro ZENI
4,"IFSC Climbing Worldcup (L,S) - Chamonix (FRA) 2015",61,MEN,2015-07-12 00:00:00,Alessandro ZENI
