,event,rank,para_class,date,name
0,Paraclimbing Cup (L) - Sheffield (GBR) 2015,1,WOMEN VISUAL IMPAIRMENT B1,2015-10-04 00:00:00,Alessia REFOLO
1,Paraclimbing Cup (L) - Chamonix (FRA) 2015,1,WOMEN VISUAL IMPAIRMENT B2,2015-07-11 00:00:00,Alessia REFOLO
2,Paraclimbing Cup (L) - Imst (AUT) 2015,1,WOMEN VISUAL IMPAIRMENT B1,2015-06-28 00:00:00,Alessia REFOLO
3,IFSC Paraclimbing World Championship - Gijon (ESP) 2014,1,WOMEN VISUAL IMPAIRMENT B2,2014-09-14 00:00:00,Alessia REFOLO
4,Paraclimbing Cup Arco 2014 - Arco (ITA) 2014,2,WOMEN VISUAL IMPAIRMENT B2,2014-08-29 00:00:00,Alessia REFOLO
5,Paraclimbing Cup Imst (Lead) 2014 - Imst (AUT) 2014,2,WOMEN VISUAL IMPAIRMENT B2,2014-07-05 00:00:00,Alessia REFOLO
