,event,rank,para_class,date,name
0,"European Youth Cup (L,S) - Edinburgh (GBR) 2011",7,YOUTH A MALE,2011-05-22 00:00:00,Alexander KÖLL
1,European Youth Series - Kranj (SLO) 2010,15,YOUTH B MALE,2010-11-21 00:00:00,Alexander KÖLL
2,European Youth Series - Annecy (France) 2010,9,YOUTH B MALE,2010-10-24 00:00:00,Alexander KÖLL
3,European Youth Series - Veliko Tarnovo (BUL) 2010,14,YOUTH B MALE,2010-10-03 00:00:00,Alexander KÖLL
4,IFSC World Youth Championship - Edinburgh (GBR) - 2010,4,YOUTH B MALE,2010-09-12 00:00:00,Alexander KÖLL
5,European Youth Series - Wien (AUT) 2010,11,YOUTH B MALE,2010-08-15 00:00:00,Alexander KÖLL
6,European Youth Series - Imst (AUT) 2010,3,YOUTH B MALE,2010-06-06 00:00:00,Alexander KÖLL
7,IFSC European Youth Series - Kranj (SLO) 2009,3,YOUTH B MALE,2009-11-22 00:00:00,Alexander KÖLL
8,IFSC European Youth Series (L+S) - Kaliningrad (RUS),11,YOUTH B MALE,2009-10-18 00:00:00,Alexander KÖLL
9,IFSC European Youth Series - Edinburgh (GBR),11,YOUTH B MALE,2009-09-20 00:00:00,Alexander KÖLL
10,IFSC European Youth Series (L+S) - Munich (GER),19,YOUTH B MALE,2009-09-13 00:00:00,Alexander KÖLL
11,IFSC World Youth Championships - Valence (FRA) 2009,9,YOUTH B MALE,2009-08-30 00:00:00,Alexander KÖLL
12,European Youth Series - Imst (AUT) 2009,6,YOUTH B MALE,2009-05-24 00:00:00,Alexander KÖLL
