,event,rank,para_class,date,name
0,IFSC Climbing Worldcup (L) - Kranj (SLO) 2009,17,MEN,2009-11-15 00:00:00,Alexander SHOPRIN
1,IFSC Climbing Worldcup (L) - Brno (CZE) 2009,19,MEN,2009-11-07 00:00:00,Alexander SHOPRIN
2,IFSC Climbing Worldcup (L) - Imst (AUT) 2009,21,MEN,2009-08-22 00:00:00,Alexander SHOPRIN
3,IFSC Climbing Worldcup (L) - Barcelona (ESP) 2009,49,MEN,2009-08-09 00:00:00,Alexander SHOPRIN
4,IFSC Climbing Worldcup (L) - Kranj (SLO) 2008,20,MEN,2008-11-16 00:00:00,Alexander SHOPRIN
5,UIAA Worldcup (L) - Kranj (SLO) 2006,26,MEN,2006-11-19 00:00:00,Alexander SHOPRIN
6,European Youth Cup - Annecy (FRA) 2006,7,JUNIORS MALE,2006-10-29 00:00:00,Alexander SHOPRIN
7,UIAA World Youth Championship - Imst (AUT) 2006,9,JUNIORS MALE,2006-08-27 00:00:00,Alexander SHOPRIN
8,UIAA Climbing Worldcup (L+S) - Chamonix (FRA) 2006,76,MEN,2006-07-13 00:00:00,Alexander SHOPRIN
9,UIAA European Championship - Ekatarinburg (RUS) 2006,24,MEN,2006-07-03 00:00:00,Alexander SHOPRIN
10,European Youth Cup - Imst (AUT) 2006 after disqualification,8,JUNIORS MALE,2006-05-28 00:00:00,Alexander SHOPRIN
11,European Youth Cup - Geneva (SUI) 2005,6,YOUTH A MALE,2005-10-08 00:00:00,Alexander SHOPRIN
12,UIAA World Youth Championship - Bejing (CHN) 2005,24,YOUTH A MALE,2005-08-25 00:00:00,Alexander SHOPRIN
13,UIAA World Youth Championship - Edinburgh (GBR) 2004,13,YOUTH A MALE,2004-09-12 00:00:00,Alexander SHOPRIN
14,Youth Worldchampionship - Veliko Tarnovo (BUL) 2003,14,YOUTH B MALE,2003-09-21 00:00:00,Alexander SHOPRIN
15,UIAA World Youth Championship - Canteleu (FRA) 2002,36,YOUTH B MALE,2002-09-28 00:00:00,Alexander SHOPRIN
16,European Youth Cup - Arco (ITA) 2002,4,YOUTH B MALE,2002-06-22 00:00:00,Alexander SHOPRIN
