,event,rank,para_class,date,name
0,"IFSC - Climbing World Cup (L,S) - Jakarta (INA) 2022",20,MEN,2022-09-26 00:00:00,Alex WATERHOUSE
1,"IFSC - Climbing World Cup (L,S) - Edinburgh (GBR) 2022",27,MEN,2022-09-11 00:00:00,Alex WATERHOUSE
2,IFSC - Climbing World Cup (L) - Koper (SLO) 2022,39,MEN,2022-09-03 00:00:00,Alex WATERHOUSE
3,"IFSC - Climbing World Cup (L,S) - Chamonix (FRA) 2022",53,MEN,2022-07-10 00:00:00,Alex WATERHOUSE
4,"IFSC - Climbing World Cup (L,S) - Villars (SUI) 2022",44,MEN,2022-07-02 00:00:00,Alex WATERHOUSE
5,"IFSC - Climbing World Cup (B,L) - Innsbruck (AUT) 2022",91,MEN,2022-06-26 00:00:00,Alex WATERHOUSE
6,"IFSC Europe - Continental Cup (L,S) - Laval (FRA) 2021",6,MEN,2021-10-24 00:00:00,Alex WATERHOUSE
7,IFSC World Youth Championships - Arco (ITA) - 2015,20,JUNIORS MALE,2015-09-06 00:00:00,Alex WATERHOUSE
8,European Youth Cup (L) - Mitterdorf (AUT) 2015,11,JUNIORS MALE,2015-08-09 00:00:00,Alex WATERHOUSE
9,"European Youth Championship (L, S) - Edinburgh (GBR) 2015",13,JUNIORS MALE,2015-06-14 00:00:00,Alex WATERHOUSE
10,European Youth Cup (L) - Imst (AUT) 2015,20,JUNIORS MALE,2015-05-31 00:00:00,Alex WATERHOUSE
11,European Youth Cup (L) - Dornbirn (AUT) 2015,19,JUNIORS MALE,2015-05-10 00:00:00,Alex WATERHOUSE
12,"IFSC World Youth Championship - Noumea, New Caledonia (FRA) - 2014",19,YOUTH A MALE,2014-09-23 00:00:00,Alex WATERHOUSE
13,European Youth Cup (L) - Imst (AUT) 2014,30,YOUTH A MALE,2014-06-01 00:00:00,Alex WATERHOUSE
14,European Youth Cup (L) - Stavanger (NOR) 2013,5,YOUTH A MALE,2013-09-08 00:00:00,Alex WATERHOUSE
15,IFSC World Youth Championship - Central Saanich (CAN) - 2013,24,YOUTH A MALE,2013-08-19 00:00:00,Alex WATERHOUSE
16,"European Youth Championship (L,S) - Imst (AUT) 2013",28,YOUTH A MALE,2013-07-28 00:00:00,Alex WATERHOUSE
17,"European Youth Cup (L, S) - Edinburgh (GBR) 2013",21,YOUTH A MALE,2013-06-09 00:00:00,Alex WATERHOUSE
18,European Youth Cup (L) - Kranj (SLO) 2012,21,YOUTH B MALE,2012-11-25 00:00:00,Alex WATERHOUSE
19,"European Youth Championship (L,S) - Gémozac (FRA) 2012",7,YOUTH B MALE,2012-11-04 00:00:00,Alex WATERHOUSE
20,European Youth Cup (L) - Imst (AUT) 2012,10,YOUTH B MALE,2012-08-05 00:00:00,Alex WATERHOUSE
21,"European Youth Cup (L,S) - Edinburgh (GBR) 2012",11,YOUTH B MALE,2012-05-20 00:00:00,Alex WATERHOUSE
