,event,rank,para_class,date,name
0,IFSC Climbing Worldcup (L) - Boulder (USA) 2011,29,MEN,2011-10-09 00:00:00,Alex JOHNSON
1,IFSC World Youth Championship - Imst (AUT) - 2011,20,JUNIORS MALE,2011-08-28 00:00:00,Alex JOHNSON
2,IFSC Climbing Worldcup (L) - Briançon (FRA) 2011,37,MEN,2011-07-30 00:00:00,Alex JOHNSON
3,IFSC Climbing World Championships - Arco (ITA) 2011,84,MEN,2011-07-24 00:00:00,Alex JOHNSON
4,IFSC World Youth Championships - Valence (FRA) 2009,17,YOUTH A MALE,2009-08-30 00:00:00,Alex JOHNSON
5,North American Championships - Montreal (CAN) 2008,4,YOUTH A MALE,2008-12-07 00:00:00,Alex JOHNSON
