,event,rank,para_class,date,name
0,UIAA World Youth Championship - Edinburgh (GBR) 2004,15,JUNIORS FEMALE,2004-09-12 00:00:00,Alexandra BALAKIREVA
1,Int. Event - OutDoor Climbing Events 2004 - Friedrichshafen (GER) 2004,7,WOMEN,2004-07-23 00:00:00,Alexandra BALAKIREVA
2,Youth Worldchampionship - Veliko Tarnovo (BUL) 2003,4,JUNIORS FEMALE,2003-09-21 00:00:00,Alexandra BALAKIREVA
3,UIAA Worldchampionship - Chamonix (FRA) 2003,36,WOMEN,2003-07-13 00:00:00,Alexandra BALAKIREVA
4,UIAA Worldcup - Yekaterinburg (RUS) 2003 (D+S),13,WOMEN,2003-06-08 00:00:00,Alexandra BALAKIREVA
5,UIAA World Youth Championship - Canteleu (FRA) 2002,4,YOUTH A FEMALE,2002-09-28 00:00:00,Alexandra BALAKIREVA
6,UIAA Worldcup - Yekaterinburg (RUS) 2002 - Red Cards withdrawn,16,WOMEN,2002-05-19 00:00:00,Alexandra BALAKIREVA
7,UIAA Youth World Championship - Imst(AUT) 2001,9,YOUTH A FEMALE,2001-06-24 00:00:00,Alexandra BALAKIREVA
8,European Youth Cup - Apatity (RUS) 2001,6,YOUTH A FEMALE,2001-04-01 00:00:00,Alexandra BALAKIREVA
9,UIAA World Youth Championship - Amsterdam (NED) 2000,3,YOUTH B FEMALE,2000-09-01 00:00:00,Alexandra BALAKIREVA
10,UIAA Youth Worldchampionship - Courmayeur (ITA) 1999,13,YOUTH B FEMALE,1999-09-03 00:00:00,Alexandra BALAKIREVA
