,event,rank,para_class,date,name
0,"IFSC Climbing Worldcup (L,S) - Perm (RUS) 2013",12,MEN,2013-09-29 00:00:00,Alexander KALINA
1,"European Cup (L, S) - Ekaterinburg (RUS) 2013",10,MEN,2013-05-19 00:00:00,Alexander KALINA
2,IFSC Climbing Worldcup (L) - Kranj (SLO) 2010,25,MEN,2010-11-14 00:00:00,Alexander KALINA
3,European Championship - Imst/Innsbruck (AUT) 2010,21,MEN,2010-09-18 00:00:00,Alexander KALINA
4,Rock Master - World Championship Pre-event - Arco (ITA),20,MEN,2010-07-18 00:00:00,Alexander KALINA
5,"IFSC Climbing Worldcup (L,S) - Chamonix (FRA) 2010",17,MEN,2010-07-13 00:00:00,Alexander KALINA
6,IFSC Climbing Worldcup (L) - Puurs (BEL) 2009,17,MEN,2009-09-26 00:00:00,Alexander KALINA
7,IFSC Climbing Worldcup (L) - Kranj (SLO) 2008,16,MEN,2008-11-16 00:00:00,Alexander KALINA
8,IFSC Climbing Worldcup (S+L) - Chamonix (FRA) 2008,15,MEN,2008-07-13 00:00:00,Alexander KALINA
9,IFSC Climbing Worldcup (L) - Kazo (JPN) 2007,17,MEN,2007-10-14 00:00:00,Alexander KALINA
