,event,rank,para_class,date,name
0,European Youth Cup (L) - Imst (AUT) 2012,18,JUNIORS MALE,2012-08-05 00:00:00,Alex WALPOTH
1,European Youth Cup (L)- Kranj (SLO) 2011,17,YOUTH A MALE,2011-11-27 00:00:00,Alex WALPOTH
2,IFSC World Youth Championship - Imst (AUT) - 2011,17,YOUTH A MALE,2011-08-28 00:00:00,Alex WALPOTH
3,European Youth Cup (L) - Imst (AUT) 2011,11,YOUTH A MALE,2011-08-14 00:00:00,Alex WALPOTH
4,"European Youth Cup (L,S) - Veliko Tarnovo (BUL) 2011",9,YOUTH A MALE,2011-08-04 00:00:00,Alex WALPOTH
5,European Youth Series - Wien (AUT) 2010,40,YOUTH A MALE,2010-08-15 00:00:00,Alex WALPOTH
6,IFSC European Youth Series - Kranj (SLO) 2009,11,YOUTH B MALE,2009-11-22 00:00:00,Alex WALPOTH
7,IFSC European Youth Series - Edinburgh (GBR),10,YOUTH B MALE,2009-09-20 00:00:00,Alex WALPOTH
8,IFSC European Youth Series (L+S) - Munich (GER),22,YOUTH B MALE,2009-09-13 00:00:00,Alex WALPOTH
9,IFSC World Youth Championships - Valence (FRA) 2009,31,YOUTH B MALE,2009-08-30 00:00:00,Alex WALPOTH
10,European Youth Series - Imst (AUT) 2009,30,YOUTH B MALE,2009-05-24 00:00:00,Alex WALPOTH
