,event,rank,para_class,date,name
0,European Youth Cup - Gdansk (POL) 2006,17,YOUTH A MALE,2006-07-23 00:00:00,Alexander YAKUBOSKY
1,UIAA World Youth Championship - Bejing (CHN) 2005,20,YOUTH B MALE,2005-08-25 00:00:00,Alexander YAKUBOSKY
2,European Youth Cup - Imst (AUT) 2005,22,YOUTH B MALE,2005-05-21 00:00:00,Alexander YAKUBOSKY
3,European Youth Cup - Brno (CZE) 2005,8,YOUTH B MALE,2005-04-16 00:00:00,Alexander YAKUBOSKY
4,UIAA World Youth Championship - Edinburgh (GBR) 2004,21,YOUTH B MALE,2004-09-12 00:00:00,Alexander YAKUBOSKY
5,European Youth Cup - Imst (AUT) 2004,36,YOUTH B MALE,2004-05-15 00:00:00,Alexander YAKUBOSKY
6,European Youth Cup - Geneva (SUI) 2004,24,YOUTH B MALE,2004-04-03 00:00:00,Alexander YAKUBOSKY
