,event,rank,para_class,date,name
0,European Youth Cup - Chocen (CZE) 1997,24,YOUTH A MALE,1997-06-29 00:00:00,Alexander KLAMPFER
1,European Youth Cup - Prag (CZE) 1996,15,YOUTH B MALE,1996-10-26 00:00:00,Alexander KLAMPFER
2,European Youth Cup - Bern (SUI) 1996,15,YOUTH B MALE,1996-09-28 00:00:00,Alexander KLAMPFER
3,European Youth Cup - Skofja Loka (SLO) 1996,12,YOUTH B MALE,1996-09-14 00:00:00,Alexander KLAMPFER
4,European Youth Cup - Dortmund (GER) 1996,18,YOUTH B MALE,1996-06-08 00:00:00,Alexander KLAMPFER
