,event,rank,para_class,date,name
0,IFSC - Paraclimbing World Cup (L) - Villars (SUI) 2023,9,MEN RP1,2023-06-24 00:00:00,Alexander DORNBUSCH
1,IFSC - Paraclimbing World Cup (L) - Innsbruck (AUT) 2023,6,MEN RP1,2023-06-13 00:00:00,Alexander DORNBUSCH
2,IFSC - Paraclimbing World Cup (L) - Salt Lake City (USA) 2023,7,MEN RP1,2023-05-18 00:00:00,Alexander DORNBUSCH
3,IFSC - Paraclimbing World Cup (L) - Villars (SUI) 2022,4,MEN RP1,2022-07-09 00:00:00,Alexander DORNBUSCH
4,IFSC - Paraclimbing World Cup (L) - Salt Lake City (USA) 2022,5,MEN RP1,2022-05-26 00:00:00,Alexander DORNBUSCH
