,event,rank,para_class,date,name
0,UIAA Masters - L'Argentiere 1994,42,MEN,1994-07-28 00:00:00,Alexander SISINTSEV
1,UIAA Worldcup - Moscow 1994,48,MEN,1994-04-29 00:00:00,Alexander SISINTSEV
2,UIAA Worldcup - Nürnberg 1993,27,MEN,1993-11-05 00:00:00,Alexander SISINTSEV
3,Masters Serre-Chevalier 1993,21,MEN,1993-07-22 00:00:00,Alexander SISINTSEV
4,UIAA Worldcup - Toulon 1993,33,MEN,1993-05-28 00:00:00,Alexander SISINTSEV
5,UIAA World Championship - Innsbruck 1993,25,MEN,1993-04-30 00:00:00,Alexander SISINTSEV
6,UIAA Worldcup - Nürnberg 1991,37,MEN,1991-10-31 00:00:00,Alexander SISINTSEV
