,event,rank,para_class,date,name
0,UIAA Worldchampionchip - Genève 1995,46,MEN,1995-05-06 00:00:00,Alexander ADLER
1,UIAA Worldcup - Frankfurt 1995,32,MEN,1995-04-07 00:00:00,Alexander ADLER
2,UIAA Worldcup - Birmingham 1994,9,MEN,1994-11-26 00:00:00,Alexander ADLER
3,UIAA Worldcup - Aix-les-Bains 1994,15,MEN,1994-11-18 00:00:00,Alexander ADLER
4,UIAA Worldcup - Villach 1994,47,MEN,1994-04-16 00:00:00,Alexander ADLER
5,UIAA Worldcup - Nürnberg 1993,9,MEN,1993-11-05 00:00:00,Alexander ADLER
6,UIAA Worldcup - Toulon 1993,22,MEN,1993-05-28 00:00:00,Alexander ADLER
7,UIAA Worldcup - Zürich 1993,38,MEN,1993-05-15 00:00:00,Alexander ADLER
8,UIAA World Championship - Innsbruck 1993,11,MEN,1993-04-30 00:00:00,Alexander ADLER
9,UIAA Worldcup - Frankfurt 1993,16,MEN,1993-04-02 00:00:00,Alexander ADLER
10,UIAA Worldcup - Nürnberg 1991,11,MEN,1991-10-31 00:00:00,Alexander ADLER
