,event,rank,para_class,date,name
0,IFSC Climbing World Championship - Paris (FRA) 2012,29,WOMEN,2012-09-16 00:00:00,Alexandra EYER
1,IFSC Climbing Worldcup (L) - Imst (AUT) 2012,20,WOMEN,2012-08-11 00:00:00,Alexandra EYER
2,IFSC Climbing Worldcup (L) - Briançon (FRA) 2012,17,WOMEN,2012-07-21 00:00:00,Alexandra EYER
3,"IFSC Climbing Worldcup (L,S) - Chamonix (FRA) 2012",26,WOMEN,2012-07-13 00:00:00,Alexandra EYER
4,IFSC Climbing Worldcup (L) - Puurs (BEL) 2011,21,WOMEN,2011-10-01 00:00:00,Alexandra EYER
5,IFSC Climbing Worldcup (L) - Briançon (FRA) 2011,11,WOMEN,2011-07-30 00:00:00,Alexandra EYER
6,Rockmaster Gala Duel - Arco (ITA) 2011,15,WOMEN,2011-07-24 00:00:00,Alexandra EYER
7,IFSC Climbing World Championships - Arco (ITA) 2011,9,WOMEN,2011-07-24 00:00:00,Alexandra EYER
8,"IFSC Climbing Worldcup (L,S) - Chamonix (FRA) 2011",17,WOMEN,2011-07-13 00:00:00,Alexandra EYER
9,IFSC Climbing Worldcup (L) - Kranj (SLO) 2010,24,WOMEN,2010-11-14 00:00:00,Alexandra EYER
10,IFSC Climbing Worldcup (L) - Puurs (BEL) 2010,14,WOMEN,2010-09-25 00:00:00,Alexandra EYER
11,European Championship - Imst/Innsbruck (AUT) 2010,5,WOMEN,2010-09-18 00:00:00,Alexandra EYER
12,"IFSC Climbing Worldcup (L,S) - Chuncheon (KOR) 2010",12,WOMEN,2010-08-30 00:00:00,Alexandra EYER
13,"IFSC Climbing Worldcup (L, S) - Xining (CHN) 2010",8,WOMEN,2010-08-21 00:00:00,Alexandra EYER
14,"Lead International Event, Open International - Briancon (FRA) 2010",2,WOMEN,2010-07-31 00:00:00,Alexandra EYER
15,Rock Master - World Championship Pre-event - Arco (ITA),4,WOMEN,2010-07-18 00:00:00,Alexandra EYER
16,Rockmaster ARCO 2010 - Duel Lead,3,WOMEN,2010-07-18 00:00:00,Alexandra EYER
17,"IFSC Climbing Worldcup (L,S) - Chamonix (FRA) 2010",4,WOMEN,2010-07-13 00:00:00,Alexandra EYER
18,IFSC Climbing Worldcup (L) - Kranj (SLO) 2009,14,WOMEN,2009-11-15 00:00:00,Alexandra EYER
19,IFSC Climbing Worldcup (L) - Brno (CZE) 2009,18,WOMEN,2009-11-07 00:00:00,Alexandra EYER
20,IFSC Climbing Worldcup (L) - Puurs (BEL) 2009,8,WOMEN,2009-09-26 00:00:00,Alexandra EYER
21,Int. Event (L+B+S) ROCKMASTER - Arco (ITA) 2009,10,WOMEN,2009-09-06 00:00:00,Alexandra EYER
22,IFSC Climbing Worldcup (L) - Imst (AUT) 2009,9,WOMEN,2009-08-22 00:00:00,Alexandra EYER
23,IFSC Climbing Worldcup (L) - Barcelona (ESP) 2009,9,WOMEN,2009-08-09 00:00:00,Alexandra EYER
24,"IFSC Climbing Worldcup (S, L) - Chamonix (FRA) 2009",9,WOMEN,2009-07-13 00:00:00,Alexandra EYER
25,IFSC Climbing World Championships - Qinghai (CHN) 2009,12,WOMEN,2009-07-05 00:00:00,Alexandra EYER
26,IFSC Climbing Worldcup (L) - Kranj (SLO) 2008,16,WOMEN,2008-11-16 00:00:00,Alexandra EYER
27,IFSC European Championship - Paris (FRA) 2008,13,WOMEN,2008-10-18 00:00:00,Alexandra EYER
28,IFSC Climbing Worldcup (L+S) - Puurs (BEL) 2008,14,WOMEN,2008-09-27 00:00:00,Alexandra EYER
29,IFSC Climbing Worldcup (L) - Imst (AUT) 2008,9,WOMEN,2008-09-20 00:00:00,Alexandra EYER
30,IFSC Climbing Worldcup (L) - Bern (SUI) 2008,10,WOMEN,2008-09-13 00:00:00,Alexandra EYER
31,IFSC Climbing Worldcup (S+L) - Chamonix (FRA) 2008,9,WOMEN,2008-07-13 00:00:00,Alexandra EYER
32,IFSC Climbing Worldcup (S + L) - Qinghai (CHN) 2008,5,WOMEN,2008-06-28 00:00:00,Alexandra EYER
33,IFSC Climbing Worldcup (L) - Kranj (SLO) 2007,7,WOMEN,2007-11-18 00:00:00,Alexandra EYER
34,IFSC Climbing Worldcup (L) - Valence (FRA) 2007,25,WOMEN,2007-11-03 00:00:00,Alexandra EYER
35,IFSC Climbing Worldcup (L) - Kazo (JPN) 2007,13,WOMEN,2007-10-14 00:00:00,Alexandra EYER
36,IFSC Climbing Worldcup (L+S) - Puurs (BEL) 2007,8,WOMEN,2007-09-29 00:00:00,Alexandra EYER
37,IFSC Climbing World Championship (L + B + S) - Aviles (ESP) 2007,12,WOMEN,2007-09-23 00:00:00,Alexandra EYER
38,Int. Event (L+B+S) ROCKMASTER - Arco (ITA) 2007,11,WOMEN,2007-09-09 00:00:00,Alexandra EYER
39,IFSC Climbing Worldcup (L+S) - Qinghai (CHN) 2007,12,WOMEN,2007-08-12 00:00:00,Alexandra EYER
40,Int. Event (L) - Serre Chevalier (FRA) 2007,7,WOMEN,2007-07-21 00:00:00,Alexandra EYER
41,IFSC Climbing Worldcup (S+L) - Chamonix (FRA) 2007,4,WOMEN,2007-07-13 00:00:00,Alexandra EYER
42,IFSC Climbing Worldcup (L) - Zürich (SUI) 2007,17,WOMEN,2007-06-16 00:00:00,Alexandra EYER
43,IFSC Climbing Worldcup (L) - Imst (AUT) 2007,4,WOMEN,2007-05-12 00:00:00,Alexandra EYER
44,UIAA Worldcup (L) - Kranj (SLO) 2006,13,WOMEN,2006-11-19 00:00:00,Alexandra EYER
45,UIAA Climbing Worldcup (L) - Penne (ITA) 2006,10,WOMEN,2006-11-12 00:00:00,Alexandra EYER
46,UIAA Worldcup (L) - Kranj (SLO) 2005,10,WOMEN,2005-11-19 00:00:00,Alexandra EYER
47,UIAA Worldcup (L) - Valence (FRA) 2005,7,WOMEN,2005-10-29 00:00:00,Alexandra EYER
48,UIAA Worldcup (L+S) - Shanghai (CHN) 2005,11,WOMEN,2005-10-22 00:00:00,Alexandra EYER
49,UIAA Worldcup (L) - Marbella (ESP) 2005,5,WOMEN,2005-09-17 00:00:00,Alexandra EYER
50,Int. Event (L+B+S) ROCKMASTER - Arco (ITA) 2005,8,WOMEN,2005-09-03 00:00:00,Alexandra EYER
51,Int. Event (L) - Serre Chevalier (FRA) 2005,4,WOMEN,2005-07-30 00:00:00,Alexandra EYER
52,UIAA Worldcup (L+S) - Chamonix (FRA) 2005,2,WOMEN,2005-07-13 00:00:00,Alexandra EYER
53,UIAA World Championship - Munich (GER) 2005,11,WOMEN,2005-07-05 00:00:00,Alexandra EYER
54,UIAA Worldcup (L) - Zürich (SUI) 2005,4,WOMEN,2005-06-25 00:00:00,Alexandra EYER
55,UIAA Worldcup (L) - Imst (AUT) 2005,11,WOMEN,2005-05-27 00:00:00,Alexandra EYER
56,UIAA Worldcup (L) - Puurs (BEL) 2005,11,WOMEN,2005-04-29 00:00:00,Alexandra EYER
57,UIAA Worldcup (L+S) - Veliko Tarnovo (BUL) 2005,12,WOMEN,2005-04-25 00:00:00,Alexandra EYER
58,UIAA Worldcup - Kranj (SLO) 2004,7,WOMEN,2004-11-20 00:00:00,Alexandra EYER
59,UIAA Worldcup - Brno (CZE) 2004,1,WOMEN,2004-11-12 00:00:00,Alexandra EYER
60,UIAA Worldcup - Brno (CZE) 2004,1,WOMEN,2004-11-12 00:00:00,Alexandra EYER
61,UIAA Worldcup - Valence (FRA) 2004,8,WOMEN,2004-10-29 00:00:00,Alexandra EYER
62,UIAA Worldcup - Aprica (ITA) 2004,3,WOMEN,2004-10-22 00:00:00,Alexandra EYER
63,UIAA Worldcup - Shanghai (CHN) 2004,9,WOMEN,2004-10-02 00:00:00,Alexandra EYER
64,UIAA Worldcup - Marbella (ESP) 2004,5,WOMEN,2004-09-18 00:00:00,Alexandra EYER
65,Int. Event - Rockmaster Arco (ITA) 2004,4,WOMEN,2004-09-04 00:00:00,Alexandra EYER
66,UIAA Worldcup - Chamonix (FRA) 2004,3,WOMEN,2004-07-12 00:00:00,Alexandra EYER
67,UIAA European Championship - Lecco (ITA) 2004,7,WOMEN,2004-06-27 00:00:00,Alexandra EYER
68,UIAA Worldcup - Imst (AUT) 2004,12,WOMEN,2004-05-29 00:00:00,Alexandra EYER
69,UIAA Worldcup - Puurs (BEL) 2004,19,WOMEN,2004-04-25 00:00:00,Alexandra EYER
70,UIAA Worldcup - Edinburgh (GBR) 2003,12,WOMEN,2003-12-07 00:00:00,Alexandra EYER
71,UIAA Worldcup - Shenzen (CHN) 2003,6,WOMEN,2003-11-23 00:00:00,Alexandra EYER
72,UIAA Worldcup - Kranj (SLO) 2003,8,WOMEN,2003-11-16 00:00:00,Alexandra EYER
73,UIAA Worldcup - Valence (FRA) 2003,31,WOMEN,2003-10-31 00:00:00,Alexandra EYER
74,UIAA Worldcup - Aprica (ITA) 2003,6,WOMEN,2003-10-03 00:00:00,Alexandra EYER
75,Int. Event - Arco Rockmaster (ITA) 2003,4,WOMEN,2003-09-27 00:00:00,Alexandra EYER
76,UIAA Worldcup - Aviles (ESP) 2003,4,WOMEN,2003-08-22 00:00:00,Alexandra EYER
77,Int. Event - Serre Chevalier (FRA) 2003,4,WOMEN,2003-07-18 00:00:00,Alexandra EYER
78,UIAA Worldchampionship - Chamonix (FRA) 2003,5,WOMEN,2003-07-13 00:00:00,Alexandra EYER
79,UIAA Worldcup - Lecco (ITA) 2003 (difficulty),5,WOMEN,2003-06-28 00:00:00,Alexandra EYER
80,UIAA Worldcup - Imst (AUT) 2003,15,WOMEN,2003-05-23 00:00:00,Alexandra EYER
81,UIAA Worldcup - Kranj (SLO) 2002,15,WOMEN,2002-11-17 00:00:00,Alexandra EYER
82,UIAA Worldcup - Aprica (ITA) 2002,14,WOMEN,2002-10-18 00:00:00,Alexandra EYER
83,UIAA Worldcup - Singapore (SIN) 2002,14,WOMEN,2002-08-25 00:00:00,Alexandra EYER
84,Int. Event - Serre Chevalier (FRA) 2002,10,WOMEN,2002-07-19 00:00:00,Alexandra EYER
85,UIAA European Championship - Chamonix (FRA) 2002,17,WOMEN,2002-07-14 00:00:00,Alexandra EYER
86,UIAA Worldcup - Lecco (ITA) 2002 - difficulty,25,WOMEN,2002-06-29 00:00:00,Alexandra EYER
87,UIAA Worldcup - Imst (AUT) 2002,21,WOMEN,2002-06-07 00:00:00,Alexandra EYER
88,UIAA Worldcup - Bolzano (ITA) 2002,22,WOMEN,2002-04-28 00:00:00,Alexandra EYER
89,UIAA Worldcup - Kranj (SLO) 2001,27,WOMEN,2001-11-18 00:00:00,Alexandra EYER
90,UIAA Worldcup - Kuala Lumpur (MAS) 2001,12,WOMEN,2001-11-04 00:00:00,Alexandra EYER
91,UIAA Worldcup - Aprica (ITA) 2001,10,WOMEN,2001-10-19 00:00:00,Alexandra EYER
92,2. Int. SALEWA Masters - Scheidegg (GER) 2001,4,WOMEN,2001-10-13 00:00:00,Alexandra EYER
93,UIAA Worldcup - Lecco (ITA) 2001,14,WOMEN,2001-09-22 00:00:00,Alexandra EYER
94,UIAA World Championship - Winterthur (SUI) 2001,19,WOMEN,2001-09-08 00:00:00,Alexandra EYER
95,UIAA Worldcup - Chamonix (FRA) 2001,9,WOMEN,2001-07-15 00:00:00,Alexandra EYER
96,European Youth Cup - Kranj (SLO) 2000,3,JUNIORS FEMALE,2000-12-02 00:00:00,Alexandra EYER
97,European Youth Cup - L'Aprica (ITA) 2000,1,JUNIORS FEMALE,2000-10-28 00:00:00,Alexandra EYER
98,UIAA Worldcup - Courmayeur (ITA) 2000,23,WOMEN,2000-09-29 00:00:00,Alexandra EYER
99,UIAA Worldcup - Lecco (ITA) 2000,26,WOMEN,2000-09-23 00:00:00,Alexandra EYER
100,UIAA World Youth Championship - Amsterdam (NED) 2000,4,JUNIORS FEMALE,2000-09-01 00:00:00,Alexandra EYER
101,UIAA Worldcup - Chamonix (FRA) 2000,14,WOMEN,2000-07-12 00:00:00,Alexandra EYER
102,European Youth Cup - Imst (AUT) 2000,4,JUNIORS FEMALE,2000-06-03 00:00:00,Alexandra EYER
103,EuropeanYouth Cup - Amsterdam (NED) 1999,6,JUNIORS FEMALE,1999-11-27 00:00:00,Alexandra EYER
104,UIAA Worldcup - Kranj (SLO) 1999,18,WOMEN,1999-11-12 00:00:00,Alexandra EYER
105,European Youth Cup - Albertville (FRA) 1999,3,JUNIORS FEMALE,1999-10-16 00:00:00,Alexandra EYER
106,UIAA Youth Worldchampionship - Courmayeur (ITA) 1999,3,JUNIORS FEMALE,1999-09-03 00:00:00,Alexandra EYER
107,European Youth Cup - Bern (SUI) 1999,4,JUNIORS FEMALE,1999-08-14 00:00:00,Alexandra EYER
108,UIAA Worldcup - Besancon (FRA) 1999,29,WOMEN,1999-06-10 00:00:00,Alexandra EYER
109,UIAA Worldcup - Kranj (SLO) 1998,36,WOMEN,1998-11-14 00:00:00,Alexandra EYER
110,European Youth Cup - Aix en Provence (FRA) 1998,5,YOUTH A FEMALE,1998-10-31 00:00:00,Alexandra EYER
111,UIAA Worldcup - Milan (ITA) 1998,30,WOMEN,1998-10-09 00:00:00,Alexandra EYER
112,UIAA Youth Worldchampionship - Moscow (RUS) 1998,6,YOUTH A FEMALE,1998-07-16 00:00:00,Alexandra EYER
113,European Youth Cup - Imst (AUT) 1998,5,YOUTH A FEMALE,1998-07-11 00:00:00,Alexandra EYER
114,European Youth Cup - Triest (ITA) 1998,2,YOUTH A FEMALE,1998-07-04 00:00:00,Alexandra EYER
115,European Youth Cup - Dortmund (GER) 1998,4,YOUTH A FEMALE,1998-06-12 00:00:00,Alexandra EYER
116,UIAA Youth Worldchampionship - Imst (AUT) 1997,21,YOUTH A FEMALE,1997-11-14 00:00:00,Alexandra EYER
117,European Youth Cup - Parma (ITA) 1997,10,YOUTH A FEMALE,1997-09-21 00:00:00,Alexandra EYER
118,European Youth Cup - Bern (SUI) 1997,9,YOUTH A FEMALE,1997-08-24 00:00:00,Alexandra EYER
119,European Youth Cup - Dortmund (GER) 1997,8,YOUTH A FEMALE,1997-06-01 00:00:00,Alexandra EYER
120,European Youth Cup - Bolzano (ITA) 1997,7,YOUTH A FEMALE,1997-05-04 00:00:00,Alexandra EYER
121,European Youth Cup - Bern (SUI) 1996,8,YOUTH B FEMALE,1996-09-28 00:00:00,Alexandra EYER
122,European Youth Cup - Ravenna (ITA) 1996,7,YOUTH B FEMALE,1996-06-29 00:00:00,Alexandra EYER
