,event,rank,para_class,date,name
0,"IFSC - Climbing World Cup (L,S) - Chamonix (FRA) 2023",4,MEN,2023-07-09 00:00:00,Alexander MEGOS
1,"IFSC - Climbing World Cup (L,S) - Villars (SUI) 2023",3,MEN,2023-07-02 00:00:00,Alexander MEGOS
2,"IFSC - Climbing World Cup (B,L) - Innsbruck (AUT) 2023",2,MEN,2023-06-18 00:00:00,Alexander MEGOS
3,IFSC - Climbing World Cup (L) - Koper (SLO) 2022,9,MEN,2022-09-03 00:00:00,Alexander MEGOS
4,"IFSC Europe - Continental Championships (B,S,L) - Munich (GER) 2022",5,MEN,2022-08-18 00:00:00,Alexander MEGOS
5,IFSC - Climbing World Cup (L) - Briançon (FRA) 2022,3,MEN,2022-07-23 00:00:00,Alexander MEGOS
6,"IFSC - Climbing World Cup (L,S) - Chamonix (FRA) 2022",26,MEN,2022-07-10 00:00:00,Alexander MEGOS
7,"IFSC - Climbing World Cup (L,S) - Villars (SUI) 2022",18,MEN,2022-07-02 00:00:00,Alexander MEGOS
8,"IFSC - Climbing World Cup (B,L) - Innsbruck (AUT) 2022",8,MEN,2022-06-26 00:00:00,Alexander MEGOS
9,"IFSC - Climbing World Cup (L,S) - Villars (SUI) 2021",2,MEN,2021-07-03 00:00:00,Alexander MEGOS
10,"IFSC - Climbing World Cup (B,L) - Innsbruck (AUT) 2021",6,MEN,2021-06-26 00:00:00,Alexander MEGOS
11,IFSC - Climbing World Cup (L) - Briançon (FRA) 2020,5,MEN,2020-08-22 00:00:00,Alexander MEGOS
12,IFSC Climbing World Championships - Hachioji (JPN) 2019,2,MEN,2019-08-21 00:00:00,Alexander MEGOS
13,IFSC Climbing Worldcup (L) - Briançon (FRA) 2019,16,MEN,2019-07-20 00:00:00,Alexander MEGOS
14,"IFSC Climbing Worldcup (L, S) - Chamonix (FRA) 2019",2,MEN,2019-07-13 00:00:00,Alexander MEGOS
15,"IFSC Climbing Worldcup (L, S) - Villars (SUI) 2019",3,MEN,2019-07-06 00:00:00,Alexander MEGOS
16,IFSC Climbing World Championships - Innsbruck (AUT) 2018,3,MEN,2018-09-16 00:00:00,Alexander MEGOS
17,"IFSC Climbing Worldcup (L,S) - Arco (ITA) 2018",12,MEN,2018-07-28 00:00:00,Alexander MEGOS
18,IFSC Climbing Worldcup (L) - Briançon (FRA) 2018,1,MEN,2018-07-21 00:00:00,Alexander MEGOS
19,"IFSC Climbing Worldcup (L,S) - Chamonix (FRA) 2018",3,MEN,2018-07-13 00:00:00,Alexander MEGOS
20,"IFSC Climbing Worldcup (L,S) - Villars (SUI) 2018",9,MEN,2018-07-07 00:00:00,Alexander MEGOS
21,IFSC Climbing Worldcup (L) - Kranj (SLO) 2017,2,MEN,2017-11-12 00:00:00,Alexander MEGOS
22,"IFSC Climbing Worldcup (L,S) - Arco (ITA) 2017",8,MEN,2017-08-26 00:00:00,Alexander MEGOS
23,IFSC Climbing Worldcup (L) - Puurs (BEL) 2011,14,MEN,2011-10-01 00:00:00,Alexander MEGOS
24,IFSC World Youth Championship - Imst (AUT) - 2011,4,JUNIORS MALE,2011-08-28 00:00:00,Alexander MEGOS
25,"IFSC Climbing Worldcup (L,S) - Chamonix (FRA) 2011",19,MEN,2011-07-13 00:00:00,Alexander MEGOS
26,European Youth Series - Kranj (SLO) 2010,1,YOUTH A MALE,2010-11-21 00:00:00,Alexander MEGOS
27,European Youth Series - Annecy (France) 2010,2,YOUTH A MALE,2010-10-24 00:00:00,Alexander MEGOS
28,European Youth Series - Veliko Tarnovo (BUL) 2010,1,YOUTH A MALE,2010-10-03 00:00:00,Alexander MEGOS
29,European Championship - Imst/Innsbruck (AUT) 2010,23,MEN,2010-09-18 00:00:00,Alexander MEGOS
30,IFSC World Youth Championship - Edinburgh (GBR) - 2010,2,YOUTH A MALE,2010-09-12 00:00:00,Alexander MEGOS
31,European Youth Series - Wien (AUT) 2010,1,YOUTH A MALE,2010-08-15 00:00:00,Alexander MEGOS
32,"IFSC Climbing Worldcup (L,S) - Chamonix (FRA) 2010",15,MEN,2010-07-13 00:00:00,Alexander MEGOS
33,European Youth Series - Imst (AUT) 2010,1,YOUTH A MALE,2010-06-06 00:00:00,Alexander MEGOS
34,IFSC European Youth Series - Kranj (SLO) 2009,1,YOUTH A MALE,2009-11-22 00:00:00,Alexander MEGOS
35,IFSC European Youth Series (L+S) - Kaliningrad (RUS),1,YOUTH A MALE,2009-10-18 00:00:00,Alexander MEGOS
36,IFSC European Youth Series - Edinburgh (GBR),1,YOUTH A MALE,2009-09-20 00:00:00,Alexander MEGOS
37,IFSC European Youth Series (L+S) - Munich (GER),1,YOUTH A MALE,2009-09-13 00:00:00,Alexander MEGOS
38,IFSC World Youth Championships - Valence (FRA) 2009,8,YOUTH A MALE,2009-08-30 00:00:00,Alexander MEGOS
39,"IFSC Climbing Worldcup (S, L) - Chamonix (FRA) 2009",24,MEN,2009-07-13 00:00:00,Alexander MEGOS
40,European Youth Series - Imst (AUT) 2009,1,YOUTH A MALE,2009-05-24 00:00:00,Alexander MEGOS
41,IFSC European Youth Series (L) - Annecy (FRA) 2008,5,YOUTH B MALE,2008-11-02 00:00:00,Alexander MEGOS
42,IFSC European Youth Series (L) - Imst (AUT) 2008,3,YOUTH B MALE,2008-09-28 00:00:00,Alexander MEGOS
43,IFSC European Youth Series (L+S) - Wuppertal (GER) 2008,6,YOUTH B MALE,2008-06-22 00:00:00,Alexander MEGOS
