,event,rank,para_class,date,name,age,country
0,"IFSC Pan Am - Continental Championships (B,S,L) - Ibarra (ECU) 2021",14,MEN,2021-12-06 00:00:00,Aaron PEÑARANDA,22,ECU
1,"IFSC - Climbing World Championships (B,L,S) - Moscow 2021",83,MEN,2021-09-21 00:00:00,Aaron PEÑARANDA,22,ECU
2,"PanAmerican Youth Championships (L, S, B) - Ibarra (ECU) 2019",2,JUNIORS MALE,2019-12-08 00:00:00,Aaron PEÑARANDA,22,ECU
3,IFSC Youth World Championships - Arco (ITA) 2019,51,JUNIORS MALE,2019-08-31 00:00:00,Aaron PEÑARANDA,22,ECU
4,"IFSC PanAmerican Championship (L, S, B, C) - Guayaquil (ECU) 2018",4,MEN,2018-11-26 00:00:00,Aaron PEÑARANDA,22,ECU
5,IFSC Youth World Championships - Innsbruck (AUT) - 2017,81,YOUTH A MALE,2017-09-10 00:00:00,Aaron PEÑARANDA,22,ECU
