,event,rank,para_class,date,name,age,country
0,IFSC Paraclimbing World Championships Bern 2023,1,WOMEN B2,2023-08-10 00:00:00,Abigail ROBINSON,25,GBR
1,IFSC Paraclimbing World Cup Villars 2023,1,WOMEN B3,2023-06-24 00:00:00,Abigail ROBINSON,25,GBR
2,IFSC Paraclimbing World Cup Innsbruck 2023,1,WOMEN B3,2023-06-13 00:00:00,Abigail ROBINSON,25,GBR
3,IFSC - Paraclimbing World Cup (L) - Villars (SUI) 2022,1,WOMEN B2,2022-07-09 00:00:00,Abigail ROBINSON,25,GBR
4,IFSC - Paraclimbing World Cup (L) - Innsbruck (AUT) 2022,1,WOMEN B3,2022-06-22 00:00:00,Abigail ROBINSON,25,GBR
5,IFSC - Paraclimbing World Championships (L) - Moscow 2021,1,WOMEN B2,2021-09-17 00:00:00,Abigail ROBINSON,25,GBR
6,IFSC Paraclimbing World Championships - Briançon (FRA) 2019,1,WOMEN VISUAL IMPAIRMENT B2,2019-07-17 00:00:00,Abigail ROBINSON,25,GBR
7,IFSC Paraclimbing World Championships - Innsbruck (AUT) 2018,1,WOMEN VISUAL IMPAIRMENT B2,2018-09-16 00:00:00,Abigail ROBINSON,25,GBR
8,Paraclimbing Cup (L) - Briançon (FRA) 2018,1,WOMEN VISUAL IMPAIRMENT B2,2018-07-18 00:00:00,Abigail ROBINSON,25,GBR
