,event,rank,para_class,date,name,age,country
0,IFSC Europe - Youth Championship - Helsinki (FIN) 2023,12,YOUTH A FEMALE,2023-09-16 00:00:00,Ada KARLSBRUN,16,ISR
1,"IFSC Europe - Continental Youth Cup (L,S) - Imst (AUT) 2023",19,YOUTH A FEMALE,2023-07-02 00:00:00,Ada KARLSBRUN,16,ISR
2,IFSC Europe - Continental Youth Cup (L) - St. Pierre en Faucigny (FRA) 2023,11,YOUTH A FEMALE,2023-06-25 00:00:00,Ada KARLSBRUN,16,ISR
3,"IFSC Europe - Continental Youth Championship (L,S) - Augsburg (GER) 2022",30,YOUTH B FEMALE,2022-07-10 00:00:00,Ada KARLSBRUN,16,ISR
4,IFSC Europe - Continental Youth Cup (L) - Ostermundigen (SUI) 2022,25,YOUTH B FEMALE,2022-06-26 00:00:00,Ada KARLSBRUN,16,ISR
5,"IFSC Europe - Continental Youth Cup (L,S) - Puurs (BEL) 2021",18,YOUTH B FEMALE,2021-07-04 00:00:00,Ada KARLSBRUN,16,ISR
6,"IFSC Europe - Continental Youth Championships (B,S,L) - Perm (RUS)",19,YOUTH B FEMALE,2021-05-05 00:00:00,Ada KARLSBRUN,16,ISR
