,event,rank,para_class,date,name,age,country
0,IFSC World Championships Bern 2023,8,MEN,2023-08-12 00:00:00,Adam ONDRA,30,CZE
1,IFSC World Cup Villars 2023,2,MEN,2023-07-02 00:00:00,Adam ONDRA,30,CZE
2,"IFSC Europe - Continental Championships (B,S,L) - Munich (GER) 2022",1,MEN,2022-08-18 00:00:00,Adam ONDRA,30,CZE
3,"IFSC - Climbing World Cup (L,S) - Chamonix (FRA) 2022",1,MEN,2022-07-10 00:00:00,Adam ONDRA,30,CZE
4,"IFSC - Climbing World Cup (B,L) - Innsbruck (AUT) 2021",8,MEN,2021-06-26 00:00:00,Adam ONDRA,30,CZE
5,IFSC - Climbing World Cup (L) - Briançon (FRA) 2020,1,MEN,2020-08-22 00:00:00,Adam ONDRA,30,CZE
6,"IFSC Climbing Worldcup (L, S) - Xiamen (CHN) 2019",1,MEN,2019-10-20 00:00:00,Adam ONDRA,30,CZE
7,"European Championship (L,S) - Edinburgh (GBR) 2019",1,MEN,2019-10-06 00:00:00,Adam ONDRA,30,CZE
8,IFSC Climbing Worldcup (L) - Kranj (SLO) 2019,1,MEN,2019-09-29 00:00:00,Adam ONDRA,30,CZE
9,IFSC Climbing World Championships - Hachioji (JPN) 2019,1,MEN,2019-08-21 00:00:00,Adam ONDRA,30,CZE
10,"IFSC Climbing Worldcup (L, S) - Chamonix (FRA) 2019",1,MEN,2019-07-13 00:00:00,Adam ONDRA,30,CZE
11,IFSC Climbing World Championships - Innsbruck (AUT) 2018,2,MEN,2018-09-16 00:00:00,Adam ONDRA,30,CZE
12,"IFSC Climbing Worldcup (L,S) - Arco (ITA) 2018",4,MEN,2018-07-28 00:00:00,Adam ONDRA,30,CZE
13,"IFSC Climbing Worldcup (L,S) - Arco (ITA) 2017",2,MEN,2017-08-26 00:00:00,Adam ONDRA,30,CZE
14,"European Championship (L,S) - Campitello di Fassa (ITA) 2017",2,MEN,2017-07-01 00:00:00,Adam ONDRA,30,CZE
15,IFSC Climbing World Championships - Paris (FRA) 2016,1,MEN,2016-09-18 00:00:00,Adam ONDRA,30,CZE
16,"IFSC Climbing Worldcup (L, S) - Arco (ITA) 2016",5,MEN,2016-08-27 00:00:00,Adam ONDRA,30,CZE
17,IFSC Climbing Worldcup (L) - Kranj (SLO) 2015,1,MEN,2015-11-15 00:00:00,Adam ONDRA,30,CZE
18,"IFSC Climbing Worldcup (L,S) - Wujiang (CHN) 2015",1,MEN,2015-10-18 00:00:00,Adam ONDRA,30,CZE
19,IFSC Climbing Worldcup (L) - Puurs (BEL) 2015,10,MEN,2015-09-27 00:00:00,Adam ONDRA,30,CZE
20,IFSC Climbing Worldcup (L) - Stavanger (NOR) 2015,2,MEN,2015-08-22 00:00:00,Adam ONDRA,30,CZE
21,IFSC Climbing Worldcup (L) - Imst (AUT) 2015,4,MEN,2015-08-01 00:00:00,Adam ONDRA,30,CZE
22,IFSC Climbing Worldcup (L) - Briançon (FRA) 2015,7,MEN,2015-07-18 00:00:00,Adam ONDRA,30,CZE
23,"IFSC Climbing Worldcup (L,S) - Chamonix (FRA) 2015",2,MEN,2015-07-12 00:00:00,Adam ONDRA,30,CZE
24,"European Championship (L,S) - Chamonix (FRA) 2015",2,MEN,2015-07-12 00:00:00,Adam ONDRA,30,CZE
25,IFSC Climbing Worldcup (L) - Kranj (SLO) 2014,1,MEN,2014-11-16 00:00:00,Adam ONDRA,30,CZE
26,IFSC Climbing Worldcup (L) - Inzai (JPN) 2014,1,MEN,2014-10-26 00:00:00,Adam ONDRA,30,CZE
27,"IFSC Climbing Worldcup (L,S) - Wujiang (CHN) 2014",19,MEN,2014-10-19 00:00:00,Adam ONDRA,30,CZE
28,"IFSC Climbing Worldcup (L,S) - Mokpo (KOR) 2014",9,MEN,2014-10-12 00:00:00,Adam ONDRA,30,CZE
29,"IFSC Climbing World Championship (L, S) - Gijon (ESP) 2014",1,MEN,2014-09-14 00:00:00,Adam ONDRA,30,CZE
30,IFSC Climbing Worldcup (L) - Imst (AUT) 2014,1,MEN,2014-08-02 00:00:00,Adam ONDRA,30,CZE
31,IFSC Climbing Worldcup (L) - Briançon (FRA) 2014,8,MEN,2014-07-20 00:00:00,Adam ONDRA,30,CZE
32,"IFSC Climbing Worldcup (L,S) - Chamonix (FRA) 2014",27,MEN,2014-07-12 00:00:00,Adam ONDRA,30,CZE
33,"IFSC Climbing Worldcup (L, B, S) - Haiyang (CHN) 2014",9,MEN,2014-06-22 00:00:00,Adam ONDRA,30,CZE
34,IFSC Climbing Worldcup (L) - Kranj (SLO) 2013,2,MEN,2013-11-17 00:00:00,Adam ONDRA,30,CZE
35,IFSC Climbing Worldcup (L) - Valence (FRA) 2013,1,MEN,2013-11-02 00:00:00,Adam ONDRA,30,CZE
36,IFSC Climbing World Championship - Paris (FRA) 2012,3,MEN,2012-09-16 00:00:00,Adam ONDRA,30,CZE
37,"Intl. Event (L, B) - ROCKMASTER - Arco (ITA) 2012",5,MEN,2012-09-02 00:00:00,Adam ONDRA,30,CZE
38,Rockmaster Gala Duel - Arco (ITA) 2011,1,MEN,2011-07-24 00:00:00,Adam ONDRA,30,CZE
39,IFSC Climbing World Championships - Arco (ITA) 2011,3,MEN,2011-07-24 00:00:00,Adam ONDRA,30,CZE
40,"IFSC Climbing Worldcup (L,S) - Chamonix (FRA) 2011",17,MEN,2011-07-13 00:00:00,Adam ONDRA,30,CZE
41,IFSC Climbing Worldcup (L) - Kranj (SLO) 2010,2,MEN,2010-11-14 00:00:00,Adam ONDRA,30,CZE
42,"IFSC Climbing Worldcup (L, S) - Huaiji (CHN) 2010",8,MEN,2010-10-30 00:00:00,Adam ONDRA,30,CZE
43,IFSC Climbing Worldcup (L) - Puurs (BEL) 2010,3,MEN,2010-09-25 00:00:00,Adam ONDRA,30,CZE
44,European Championship - Imst/Innsbruck (AUT) 2010,2,MEN,2010-09-18 00:00:00,Adam ONDRA,30,CZE
45,"IFSC Climbing Worldcup (L,S) - Chuncheon (KOR) 2010",4,MEN,2010-08-30 00:00:00,Adam ONDRA,30,CZE
46,"IFSC Climbing Worldcup (L, S) - Xining (CHN) 2010",1,MEN,2010-08-21 00:00:00,Adam ONDRA,30,CZE
47,Rock Master - World Championship Pre-event - Arco (ITA),3,MEN,2010-07-18 00:00:00,Adam ONDRA,30,CZE
48,Rockmaster ARCO 2010 - Duel Lead,1,MEN,2010-07-18 00:00:00,Adam ONDRA,30,CZE
49,"IFSC Climbing Worldcup (L,S) - Chamonix (FRA) 2010",9,MEN,2010-07-13 00:00:00,Adam ONDRA,30,CZE
50,IFSC Climbing Worldcup (L) - Kranj (SLO) 2009,1,MEN,2009-11-15 00:00:00,Adam ONDRA,30,CZE
51,IFSC Climbing Worldcup (L) - Brno (CZE) 2009,11,MEN,2009-11-07 00:00:00,Adam ONDRA,30,CZE
52,IFSC Climbing Worldcup (L) - Puurs (BEL) 2009,1,MEN,2009-09-26 00:00:00,Adam ONDRA,30,CZE
53,Int. Event (L+B+S) ROCKMASTER - Arco (ITA) 2009,3,MEN,2009-09-06 00:00:00,Adam ONDRA,30,CZE
54,IFSC World Youth Championships - Valence (FRA) 2009,1,YOUTH A MALE,2009-08-30 00:00:00,Adam ONDRA,30,CZE
55,IFSC Climbing Worldcup (L) - Imst (AUT) 2009,1,MEN,2009-08-22 00:00:00,Adam ONDRA,30,CZE
56,IFSC Climbing Worldcup (L) - Barcelona (ESP) 2009,1,MEN,2009-08-09 00:00:00,Adam ONDRA,30,CZE
57,"IFSC Climbing Worldcup (S, L) - Chamonix (FRA) 2009",5,MEN,2009-07-13 00:00:00,Adam ONDRA,30,CZE
58,IFSC Climbing World Championships - Qinghai (CHN) 2009,2,MEN,2009-07-05 00:00:00,Adam ONDRA,30,CZE
59,IFSC European Youth Series (L) - Kranj (SLO) 2008,1,YOUTH B MALE,2008-11-23 00:00:00,Adam ONDRA,30,CZE
60,IFSC European Youth Series (L) - Annecy (FRA) 2008,1,YOUTH B MALE,2008-11-02 00:00:00,Adam ONDRA,30,CZE
61,IFSC European Youth Series (L) - Imst (AUT) 2008,1,YOUTH B MALE,2008-09-28 00:00:00,Adam ONDRA,30,CZE
62,IFSC Climbing World Youth Championship - Sydney (AUS) 2008,1,YOUTH B MALE,2008-08-31 00:00:00,Adam ONDRA,30,CZE
63,IFSC European Youth Series (L+S) - Wuppertal (GER) 2008,1,YOUTH B MALE,2008-06-22 00:00:00,Adam ONDRA,30,CZE
64,IFSC European Youth Series (L) - Prague (CZE) 2008,1,YOUTH B MALE,2008-05-18 00:00:00,Adam ONDRA,30,CZE
65,European Youth Series - Kranj (SLO) 2007,1,YOUTH B MALE,2007-11-25 00:00:00,Adam ONDRA,30,CZE
66,European Youth Series - Linz (AUT) 2007,1,YOUTH B MALE,2007-10-28 00:00:00,Adam ONDRA,30,CZE
67,IFSC Climbing World Youth Championship - Ibarra (ECU) 2007,1,YOUTH B MALE,2007-08-26 00:00:00,Adam ONDRA,30,CZE
68,European Youth Series - Warsaw (POL) 2007,1,YOUTH B MALE,2007-07-22 00:00:00,Adam ONDRA,30,CZE
69,European Youth Series - Leipzig (GER) 2007,1,YOUTH B MALE,2007-07-08 00:00:00,Adam ONDRA,30,CZE
70,European Youth Series - Veliko Tarnovo (BUL) 2007,1,YOUTH B MALE,2007-07-01 00:00:00,Adam ONDRA,30,CZE
71,European Youth Series - Imst (AUT) 2007,10,YOUTH B MALE,2007-05-20 00:00:00,Adam ONDRA,30,CZE
