,event,rank,para_class,date,name,age,country
0,UIAA Worldcup - Wiener Neustadt (AUT) 1999,33,MEN,1999-04-16 00:00:00,Adam LIANA,45,POL
1,UIAA Worldcup - Kranj (SLO) 1998,46,MEN,1998-11-14 00:00:00,Adam LIANA,45,POL
2,UIAA Worldcup - Milan (ITA) 1998,41,MEN,1998-10-09 00:00:00,Adam LIANA,45,POL
3,UIAA European Championship - Nürnberg (GER) 1998,46,MEN,1998-04-03 00:00:00,Adam LIANA,45,POL
4,UIAA Worldcup - Imst 1997,25,MEN,1997-11-22 00:00:00,Adam LIANA,45,POL
5,UIAA Youth Worldchampionship - Imst (AUT) 1997,13,JUNIORS MALE,1997-11-14 00:00:00,Adam LIANA,45,POL
6,UIAA Worldcup - Kranj 1997,37,MEN,1997-11-09 00:00:00,Adam LIANA,45,POL
7,UIAA World Championchip - Paris 1997,66,MEN,1997-02-01 00:00:00,Adam LIANA,45,POL
8,UIAA Worldcup - Kranj 1996,49,MEN,1996-11-24 00:00:00,Adam LIANA,45,POL
