,event,rank,para_class,date,name,age,country
0,"IFSC Europe - Continental Youth Cup (L,S) - Zilina (SVK) 2021",6,YOUTH A MALE,2021-07-31 00:00:00,Adam ADAMOVSKY,18,CZE
1,IFSC Europe - Continental Youth Cup (L) - Ostermundigen (SUI),12,YOUTH A MALE,2021-06-20 00:00:00,Adam ADAMOVSKY,18,CZE
2,"European Youth Championships (L,S) - Voronezh (RUS) 2019",18,YOUTH B MALE,2019-10-20 00:00:00,Adam ADAMOVSKY,18,CZE
3,IFSC Youth World Championships - Arco (ITA) 2019,16,YOUTH B MALE,2019-08-31 00:00:00,Adam ADAMOVSKY,18,CZE
4,"European Youth Cup (S,L) - Imst (AUT) 2019",3,YOUTH B MALE,2019-08-04 00:00:00,Adam ADAMOVSKY,18,CZE
5,European Youth Cup (L) - St. Pierre Faucigny (FRA) 2019,21,YOUTH B MALE,2019-06-30 00:00:00,Adam ADAMOVSKY,18,CZE
6,European Youth Cup (L) - Ostermundigen (SUI) 2019,5,YOUTH B MALE,2019-06-23 00:00:00,Adam ADAMOVSKY,18,CZE
