,event,rank,para_class,date,name,age,country
0,IFSC World Cup Briançon 2023,53,MEN,2023-07-15 00:00:00,Adrien LEMAIRE,24,FRA
1,IFSC - Climbing World Cup (L) - Briançon (FRA) 2022,46,MEN,2022-07-23 00:00:00,Adrien LEMAIRE,24,FRA
2,"IFSC - Climbing World Cup (L,S) - Chamonix (FRA) 2022",32,MEN,2022-07-10 00:00:00,Adrien LEMAIRE,24,FRA
3,IFSC - Climbing World Cup (L) - Chamonix (FRA) 2021,42,MEN,2021-07-13 00:00:00,Adrien LEMAIRE,24,FRA
4,"IFSC - Climbing World Cup (L,S) - Villars (SUI) 2021",38,MEN,2021-07-03 00:00:00,Adrien LEMAIRE,24,FRA
5,"IFSC - Climbing World Cup (B,L) - Innsbruck (AUT) 2021",35,MEN,2021-06-26 00:00:00,Adrien LEMAIRE,24,FRA
6,IFSC - Climbing World Cup (L) - Briançon (FRA) 2020,27,MEN,2020-08-22 00:00:00,Adrien LEMAIRE,24,FRA
7,IFSC Climbing Worldcup (L) - Briançon (FRA) 2019,61,MEN,2019-07-20 00:00:00,Adrien LEMAIRE,24,FRA
8,"IFSC Climbing Worldcup (L, S) - Chamonix (FRA) 2019",77,MEN,2019-07-13 00:00:00,Adrien LEMAIRE,24,FRA
9,"IFSC Climbing Worldcup (L, S) - Villars (SUI) 2019",52,MEN,2019-07-06 00:00:00,Adrien LEMAIRE,24,FRA
10,IFSC Climbing Worldcup (L) - Briançon (FRA) 2018,74,MEN,2018-07-21 00:00:00,Adrien LEMAIRE,24,FRA
11,"IFSC Climbing Worldcup (L,S) - Chamonix (FRA) 2018",90,MEN,2018-07-13 00:00:00,Adrien LEMAIRE,24,FRA
12,European Youth Cup (L) - Munich (GER) 2018,8,JUNIORS MALE,2018-07-08 00:00:00,Adrien LEMAIRE,24,FRA
13,European Youth Cup (L) - Uster (SUI) 2018,5,JUNIORS MALE,2018-07-01 00:00:00,Adrien LEMAIRE,24,FRA
14,European Youth Cup (L) - Bruneck (ITA) 2018,5,JUNIORS MALE,2018-06-17 00:00:00,Adrien LEMAIRE,24,FRA
15,"European Youth Championship (L, S) - Imst 2018",17,JUNIORS MALE,2018-05-27 00:00:00,Adrien LEMAIRE,24,FRA
16,"European Youth Cup (L,S) - Voiron (FRA) 2018",4,JUNIORS MALE,2018-04-08 00:00:00,Adrien LEMAIRE,24,FRA
17,European Youth Cup (L) - Imst (AUT) 2014,13,YOUTH B MALE,2014-06-01 00:00:00,Adrien LEMAIRE,24,FRA
