,event,rank,para_class,date,name,age,country
0,"IFSC Europe - Continental Championships (B,S,L,C) - Moscow (RUS) 2020",27,WOMEN,2020-11-29 00:00:00,Afra HÖNIG,27,GER
1,IFSC Climbing Worldcup (L) - Inzai (JPN) 2019,34,WOMEN,2019-10-27 00:00:00,Afra HÖNIG,27,GER
2,"IFSC Climbing Worldcup (L, S) - Xiamen (CHN) 2019",44,WOMEN,2019-10-20 00:00:00,Afra HÖNIG,27,GER
3,IFSC Climbing Worldcup (L) - Kranj (SLO) 2019,39,WOMEN,2019-09-29 00:00:00,Afra HÖNIG,27,GER
4,IFSC Climbing World Championships - Hachioji (JPN) 2019,57,WOMEN,2019-08-21 00:00:00,Afra HÖNIG,27,GER
5,"IFSC Climbing Worldcup (L, S) - Chamonix (FRA) 2019",59,WOMEN,2019-07-13 00:00:00,Afra HÖNIG,27,GER
6,"IFSC Climbing Worldcup (L, S) - Villars (SUI) 2019",48,WOMEN,2019-07-06 00:00:00,Afra HÖNIG,27,GER
7,IFSC European Youth Series (L+S) - Munich (GER),31,YOUTH B FEMALE,2009-09-13 00:00:00,Afra HÖNIG,27,GER
