,event,rank,para_class,date,name,age,country
0,IFSC World Cup Wujiang 2023,1,WOMEN,2023-09-24 00:00:00,Ai MORI,20,JPN
1,IFSC World Cup Koper 2023,2,WOMEN,2023-09-09 00:00:00,Ai MORI,20,JPN
2,IFSC World Championships Bern 2023,1,WOMEN,2023-08-12 00:00:00,Ai MORI,20,JPN
3,IFSC World Cup Innsbruck 2023,2,WOMEN,2023-06-18 00:00:00,Ai MORI,20,JPN
4,"IFSC - Climbing World Cup (L,S) - Edinburgh (GBR) 2022",1,WOMEN,2022-09-11 00:00:00,Ai MORI,20,JPN
5,IFSC - Climbing World Cup (L) - Koper (SLO) 2022,1,WOMEN,2022-09-03 00:00:00,Ai MORI,20,JPN
6,IFSC Climbing Worldcup (L) - Inzai (JPN) 2019,20,WOMEN,2019-10-27 00:00:00,Ai MORI,20,JPN
7,"IFSC Climbing Worldcup (L, S) - Xiamen (CHN) 2019",9,WOMEN,2019-10-20 00:00:00,Ai MORI,20,JPN
8,IFSC Climbing Worldcup (L) - Kranj (SLO) 2019,5,WOMEN,2019-09-29 00:00:00,Ai MORI,20,JPN
9,IFSC Climbing World Championships - Hachioji (JPN) 2019,3,WOMEN,2019-08-21 00:00:00,Ai MORI,20,JPN
10,"IFSC Climbing Worldcup (L, S) - Chamonix (FRA) 2019",4,WOMEN,2019-07-13 00:00:00,Ai MORI,20,JPN
11,"IFSC Climbing Worldcup (L, S) - Villars (SUI) 2019",3,WOMEN,2019-07-06 00:00:00,Ai MORI,20,JPN
12,Asian Youth Championships - Chongqing (CHN) 2018,2,YOUTH B FEMALE,2018-11-04 00:00:00,Ai MORI,20,JPN
13,IFSC Youth World Championships - Innsbruck (AUT) - 2017,1,YOUTH B FEMALE,2017-09-10 00:00:00,Ai MORI,20,JPN
14,Asian Youth Championships - Singapore (SGP) 2017,1,YOUTH B FEMALE,2017-07-09 00:00:00,Ai MORI,20,JPN
