,event,rank,para_class,date,name,age,country
0,IFSC Paraclimbing World Championships - Briançon (FRA) 2019,1,WOMEN RP3,2019-07-17 00:00:00,Aika YOSHIDA,45,JPN
1,IFSC Paraclimbing World Championships - Innsbruck (AUT) 2018,1,WOMEN RP3,2018-09-16 00:00:00,Aika YOSHIDA,45,JPN
2,IFSC Paraclimbing World Championships - Paris (FRA) 2016,3,WOMEN RP3,2016-09-18 00:00:00,Aika YOSHIDA,45,JPN
3,IFSC Paraclimbing World Masters - Gijon (ESP) 2014,2,WOMEN NEUROLOGICAL PHYSICAL DISABILITY B,2014-09-14 00:00:00,Aika YOSHIDA,45,JPN
