,event,rank,para_class,date,name,age,country
0,IFSC Climbing Worldcup (L) - Inzai (JPN) 2019,8,WOMEN,2019-10-27 00:00:00,Aika TAJIMA,25,JPN
1,"IFSC Climbing Worldcup (L, S) - Xiamen (CHN) 2019",10,WOMEN,2019-10-20 00:00:00,Aika TAJIMA,25,JPN
2,"IFSC Climbing Worldcup (L,S) - Xiamen (CHN) 2018",8,WOMEN,2018-10-28 00:00:00,Aika TAJIMA,25,JPN
3,IFSC Youth World Championships - Innsbruck (AUT) - 2017,2,JUNIORS FEMALE,2017-09-10 00:00:00,Aika TAJIMA,25,JPN
4,IFSC World Youth Championships - Guangzhou (CHN) - 2016,3,JUNIORS FEMALE,2016-11-13 00:00:00,Aika TAJIMA,25,JPN
5,Asian Continental Championship - Ningbo (CHN) 2015,7,WOMEN,2015-11-24 00:00:00,Aika TAJIMA,25,JPN
6,"IFSC Climbing Worldcup (L,S) - Wujiang (CHN) 2015",15,WOMEN,2015-10-18 00:00:00,Aika TAJIMA,25,JPN
7,IFSC World Youth Championships - Arco (ITA) - 2015,3,YOUTH A FEMALE,2015-09-06 00:00:00,Aika TAJIMA,25,JPN
8,IFSC Climbing Worldcup (L) - Inzai (JPN) 2014,11,WOMEN,2014-10-26 00:00:00,Aika TAJIMA,25,JPN
9,"IFSC Climbing Worldcup (L,S) - Mokpo (KOR) 2014",8,WOMEN,2014-10-12 00:00:00,Aika TAJIMA,25,JPN
10,"IFSC Climbing Worldcup (L, B, S) - Haiyang (CHN) 2014",23,WOMEN,2014-06-22 00:00:00,Aika TAJIMA,25,JPN
11,IFSC World Youth Championship - Central Saanich (CAN) - 2013,1,YOUTH B FEMALE,2013-08-19 00:00:00,Aika TAJIMA,25,JPN
12,IFSC World Youth Championship - Singapore (SIN) - 2012,2,YOUTH B FEMALE,2012-09-01 00:00:00,Aika TAJIMA,25,JPN
