,event,rank,para_class,date,name,age,country
0,World University Championships - Bratislava (SVK) 2018,8,WOMEN,2018-06-23 00:00:00,Ajda REMŠKAR,28,SLO
1,World University Championships - Shanghai (CHN) 2016,6,WOMEN,2016-10-16 00:00:00,Ajda REMŠKAR,28,SLO
2,European Youth Cup (L) - Imst (AUT) 2014,16,JUNIORS FEMALE,2014-06-01 00:00:00,Ajda REMŠKAR,28,SLO
3,"European Youth Championship (L,S) - Imst (AUT) 2013",16,JUNIORS FEMALE,2013-07-28 00:00:00,Ajda REMŠKAR,28,SLO
4,European Youth Cup (L) - Kranj (SLO) 2012,25,YOUTH A FEMALE,2012-11-25 00:00:00,Ajda REMŠKAR,28,SLO
5,European Youth Cup (L)- Kranj (SLO) 2011,18,YOUTH A FEMALE,2011-11-27 00:00:00,Ajda REMŠKAR,28,SLO
