,event,rank,para_class,date,name,age,country
0,IFSC World Cup Wujiang 2023,32,WOMEN,2023-09-24 00:00:00,Alannah YIP,30,CAN
1,IFSC World Cup Koper 2023,42,WOMEN,2023-09-09 00:00:00,Alannah YIP,30,CAN
2,IFSC World Championships Bern 2023,41,WOMEN,2023-08-12 00:00:00,Alannah YIP,30,CAN
3,IFSC World Cup Briançon 2023,39,WOMEN,2023-07-15 00:00:00,Alannah YIP,30,CAN
4,IFSC World Cup Chamonix 2023,44,WOMEN,2023-07-09 00:00:00,Alannah YIP,30,CAN
5,IFSC World Cup Innsbruck 2023,66,WOMEN,2023-06-18 00:00:00,Alannah YIP,30,CAN
6,"IFSC - Climbing World Cup (L,S) - Jakarta (INA) 2022",13,WOMEN,2022-09-26 00:00:00,Alannah YIP,30,CAN
7,"IFSC - Climbing World Cup (L,S) - Edinburgh (GBR) 2022",39,WOMEN,2022-09-11 00:00:00,Alannah YIP,30,CAN
8,IFSC - Climbing World Cup (L) - Koper (SLO) 2022,21,WOMEN,2022-09-03 00:00:00,Alannah YIP,30,CAN
9,IFSC - Climbing World Cup (L) - Briançon (FRA) 2022,39,WOMEN,2022-07-23 00:00:00,Alannah YIP,30,CAN
10,"IFSC - Climbing World Cup (L,S) - Chamonix (FRA) 2022",31,WOMEN,2022-07-10 00:00:00,Alannah YIP,30,CAN
11,"IFSC - Climbing World Cup (L,S) - Villars (SUI) 2022",27,WOMEN,2022-07-02 00:00:00,Alannah YIP,30,CAN
12,"IFSC - Climbing World Cup (B,L) - Innsbruck (AUT) 2022",25,WOMEN,2022-06-26 00:00:00,Alannah YIP,30,CAN
13,IFSC Climbing Worldcup (L) - Inzai (JPN) 2019,27,WOMEN,2019-10-27 00:00:00,Alannah YIP,30,CAN
14,"IFSC Climbing Worldcup (L, S) - Xiamen (CHN) 2019",32,WOMEN,2019-10-20 00:00:00,Alannah YIP,30,CAN
15,IFSC Climbing World Championships - Hachioji (JPN) 2019,38,WOMEN,2019-08-21 00:00:00,Alannah YIP,30,CAN
16,IFSC Climbing Worldcup (L) - Briançon (FRA) 2019,50,WOMEN,2019-07-20 00:00:00,Alannah YIP,30,CAN
17,"IFSC Climbing Worldcup (L, S) - Chamonix (FRA) 2019",35,WOMEN,2019-07-13 00:00:00,Alannah YIP,30,CAN
18,"IFSC Climbing Worldcup (L, S) - Villars (SUI) 2019",31,WOMEN,2019-07-06 00:00:00,Alannah YIP,30,CAN
19,IFSC Climbing World Championships - Innsbruck (AUT) 2018,51,WOMEN,2018-09-16 00:00:00,Alannah YIP,30,CAN
20,IFSC Climbing Worldcup (L) - Briançon (FRA) 2018,47,WOMEN,2018-07-21 00:00:00,Alannah YIP,30,CAN
21,"IFSC Climbing Worldcup (L,S) - Chamonix (FRA) 2018",55,WOMEN,2018-07-13 00:00:00,Alannah YIP,30,CAN
22,IFSC Climbing Worldcup (L) - Chamonix (FRA) 2017,36,WOMEN,2017-07-13 00:00:00,Alannah YIP,30,CAN
23,"IFSC Climbing Worldcup (L,S) - Villars (SUI) 2017",38,WOMEN,2017-07-08 00:00:00,Alannah YIP,30,CAN
24,IFSC Climbing World Championships - Paris (FRA) 2016,43,WOMEN,2016-09-18 00:00:00,Alannah YIP,30,CAN
25,IFSC Climbing Worldcup (L) - Imst (AUT) 2016,40,WOMEN,2016-08-20 00:00:00,Alannah YIP,30,CAN
26,IFSC World Youth Championship - Singapore (SIN) - 2012,26,JUNIORS FEMALE,2012-09-01 00:00:00,Alannah YIP,30,CAN
27,IFSC Climbing Worldcup (L) - Boulder (USA) 2011,20,WOMEN,2011-10-09 00:00:00,Alannah YIP,30,CAN
28,IFSC World Youth Championship - Imst (AUT) - 2011,13,JUNIORS FEMALE,2011-08-28 00:00:00,Alannah YIP,30,CAN
29,European Youth Cup (L) - Imst (AUT) 2011,12,JUNIORS FEMALE,2011-08-14 00:00:00,Alannah YIP,30,CAN
30,IFSC World Youth Championship - Edinburgh (GBR) - 2010,28,YOUTH A FEMALE,2010-09-12 00:00:00,Alannah YIP,30,CAN
31,IFSC World Youth Championships - Valence (FRA) 2009,45,YOUTH A FEMALE,2009-08-30 00:00:00,Alannah YIP,30,CAN
32,North American Championships - Montreal (CAN) 2008,8,YOUTH B FEMALE,2008-12-07 00:00:00,Alannah YIP,30,CAN
33,IFSC Climbing World Youth Championship - Sydney (AUS) 2008,15,YOUTH B FEMALE,2008-08-31 00:00:00,Alannah YIP,30,CAN
34,IFSC Climbing World Youth Championship - Ibarra (ECU) 2007,24,YOUTH B FEMALE,2007-08-26 00:00:00,Alannah YIP,30,CAN
