,event,rank,para_class,date,name,age,country
0,IFSC World Cup Koper 2023,3,MEN,2023-09-09 00:00:00,Alberto GINÉS LÓPEZ,21,ESP
1,IFSC World Championships Bern 2023,24,MEN,2023-08-12 00:00:00,Alberto GINÉS LÓPEZ,21,ESP
2,IFSC World Cup Villars 2023,54,MEN,2023-07-02 00:00:00,Alberto GINÉS LÓPEZ,21,ESP
3,IFSC World Cup Innsbruck 2023,8,MEN,2023-06-18 00:00:00,Alberto GINÉS LÓPEZ,21,ESP
4,"IFSC - Climbing World Cup (L,S) - Edinburgh (GBR) 2022",12,MEN,2022-09-11 00:00:00,Alberto GINÉS LÓPEZ,21,ESP
5,IFSC - Climbing World Cup (L) - Koper (SLO) 2022,5,MEN,2022-09-03 00:00:00,Alberto GINÉS LÓPEZ,21,ESP
6,"IFSC Europe - Continental Championships (B,S,L) - Munich (GER) 2022",3,MEN,2022-08-18 00:00:00,Alberto GINÉS LÓPEZ,21,ESP
7,IFSC - Climbing World Cup (L) - Briançon (FRA) 2021,7,MEN,2021-07-18 00:00:00,Alberto GINÉS LÓPEZ,21,ESP
8,IFSC - Climbing World Cup (L) - Chamonix (FRA) 2021,14,MEN,2021-07-13 00:00:00,Alberto GINÉS LÓPEZ,21,ESP
9,"IFSC - Climbing World Cup (L,S) - Villars (SUI) 2021",5,MEN,2021-07-03 00:00:00,Alberto GINÉS LÓPEZ,21,ESP
10,"IFSC - Climbing World Cup (B,L) - Innsbruck (AUT) 2021",5,MEN,2021-06-26 00:00:00,Alberto GINÉS LÓPEZ,21,ESP
11,IFSC Europe - Continental Youth Cup (L) - Ostermundigen (SUI),1,JUNIORS MALE,2021-06-20 00:00:00,Alberto GINÉS LÓPEZ,21,ESP
12,"IFSC Europe - Continental Youth Cup (L,S) - Imst (AUT) 2021",1,JUNIORS MALE,2021-06-13 00:00:00,Alberto GINÉS LÓPEZ,21,ESP
13,"IFSC Europe - Continental Youth Championships (B,S,L) - Perm (RUS)",4,JUNIORS MALE,2021-05-05 00:00:00,Alberto GINÉS LÓPEZ,21,ESP
14,IFSC - Climbing World Cup (L) - Briançon (FRA) 2020,18,MEN,2020-08-22 00:00:00,Alberto GINÉS LÓPEZ,21,ESP
15,IFSC Climbing Worldcup (L) - Inzai (JPN) 2019,2,MEN,2019-10-27 00:00:00,Alberto GINÉS LÓPEZ,21,ESP
16,"IFSC Climbing Worldcup (L, S) - Xiamen (CHN) 2019",5,MEN,2019-10-20 00:00:00,Alberto GINÉS LÓPEZ,21,ESP
17,"European Championship (L,S) - Edinburgh (GBR) 2019",2,MEN,2019-10-06 00:00:00,Alberto GINÉS LÓPEZ,21,ESP
18,IFSC Climbing Worldcup (L) - Kranj (SLO) 2019,3,MEN,2019-09-29 00:00:00,Alberto GINÉS LÓPEZ,21,ESP
19,IFSC Youth World Championships - Arco (ITA) 2019,3,YOUTH A MALE,2019-08-31 00:00:00,Alberto GINÉS LÓPEZ,21,ESP
20,IFSC Climbing World Championships - Hachioji (JPN) 2019,31,MEN,2019-08-21 00:00:00,Alberto GINÉS LÓPEZ,21,ESP
21,"European Youth Cup (S,L) - Imst (AUT) 2019",1,YOUTH A MALE,2019-08-04 00:00:00,Alberto GINÉS LÓPEZ,21,ESP
22,IFSC Climbing Worldcup (L) - Briançon (FRA) 2019,22,MEN,2019-07-20 00:00:00,Alberto GINÉS LÓPEZ,21,ESP
23,"IFSC Climbing Worldcup (L, S) - Chamonix (FRA) 2019",5,MEN,2019-07-13 00:00:00,Alberto GINÉS LÓPEZ,21,ESP
24,"IFSC Climbing Worldcup (L, S) - Villars (SUI) 2019",26,MEN,2019-07-06 00:00:00,Alberto GINÉS LÓPEZ,21,ESP
25,European Youth Cup (L) - St. Pierre Faucigny (FRA) 2019,3,YOUTH A MALE,2019-06-30 00:00:00,Alberto GINÉS LÓPEZ,21,ESP
26,European Youth Cup (L) - Ostermundigen (SUI) 2019,1,YOUTH A MALE,2019-06-23 00:00:00,Alberto GINÉS LÓPEZ,21,ESP
27,IFSC Youth World Championships - Moscow (RUS) 2018,5,YOUTH A MALE,2018-08-16 00:00:00,Alberto GINÉS LÓPEZ,21,ESP
28,"IFSC Climbing Worldcup (L,S) - Arco (ITA) 2018",7,MEN,2018-07-28 00:00:00,Alberto GINÉS LÓPEZ,21,ESP
29,European Youth Cup (L) - Munich (GER) 2018,1,YOUTH A MALE,2018-07-08 00:00:00,Alberto GINÉS LÓPEZ,21,ESP
30,European Youth Cup (L) - Uster (SUI) 2018,16,YOUTH A MALE,2018-07-01 00:00:00,Alberto GINÉS LÓPEZ,21,ESP
31,European Youth Cup (L) - Bruneck (ITA) 2018,4,YOUTH A MALE,2018-06-17 00:00:00,Alberto GINÉS LÓPEZ,21,ESP
32,"European Youth Championship (L, S) - Imst 2018",1,YOUTH A MALE,2018-05-27 00:00:00,Alberto GINÉS LÓPEZ,21,ESP
33,"European Youth Cup (L,S) - Voiron (FRA) 2018",3,YOUTH A MALE,2018-04-08 00:00:00,Alberto GINÉS LÓPEZ,21,ESP
34,"European Youth Championships (L,S) - Perm (RUS) 2017",1,YOUTH B MALE,2017-10-01 00:00:00,Alberto GINÉS LÓPEZ,21,ESP
35,IFSC Youth World Championships - Innsbruck (AUT) - 2017,2,YOUTH B MALE,2017-09-10 00:00:00,Alberto GINÉS LÓPEZ,21,ESP
36,European Youth Cup (L) - Mitterdorf (AUT) 2017,1,YOUTH B MALE,2017-08-13 00:00:00,Alberto GINÉS LÓPEZ,21,ESP
37,European Youth Cup (L) - Uster (SUI) 2017,3,YOUTH B MALE,2017-06-25 00:00:00,Alberto GINÉS LÓPEZ,21,ESP
38,European Youth Cup (L) - Dornbirn (AUT) 2017,2,YOUTH B MALE,2017-06-11 00:00:00,Alberto GINÉS LÓPEZ,21,ESP
39,European Youth Cup (L) - Imst (AUT) 2017,1,YOUTH B MALE,2017-05-28 00:00:00,Alberto GINÉS LÓPEZ,21,ESP
40,IFSC World Youth Championships - Guangzhou (CHN) - 2016,9,YOUTH B MALE,2016-11-13 00:00:00,Alberto GINÉS LÓPEZ,21,ESP
41,"European Youth Championships (L,S) - Mitterdorf (AUT) 2016",7,YOUTH B MALE,2016-09-04 00:00:00,Alberto GINÉS LÓPEZ,21,ESP
42,European Youth Cup (L) - Imst (AUT) 2016,10,YOUTH B MALE,2016-05-29 00:00:00,Alberto GINÉS LÓPEZ,21,ESP
