,event,rank,para_class,date,name,age,country
0,"European Youth Championships (L,S) - Voronezh (RUS) 2019",12,JUNIORS MALE,2019-10-20 00:00:00,Albert ILSAAS SUTHURST,22,NOR
1,"European Championship (L,S) - Edinburgh (GBR) 2019",44,MEN,2019-10-06 00:00:00,Albert ILSAAS SUTHURST,22,NOR
2,IFSC Youth World Championships - Arco (ITA) 2019,49,JUNIORS MALE,2019-08-31 00:00:00,Albert ILSAAS SUTHURST,22,NOR
3,"European Youth Cup (S,L) - Imst (AUT) 2019",38,JUNIORS MALE,2019-08-04 00:00:00,Albert ILSAAS SUTHURST,22,NOR
4,European Youth Cup (L) - St. Pierre Faucigny (FRA) 2019,29,JUNIORS MALE,2019-06-30 00:00:00,Albert ILSAAS SUTHURST,22,NOR
5,IFSC Youth World Championships - Moscow (RUS) 2018,62,YOUTH A MALE,2018-08-16 00:00:00,Albert ILSAAS SUTHURST,22,NOR
6,European Youth Cup (L) - Munich (GER) 2018,37,YOUTH A MALE,2018-07-08 00:00:00,Albert ILSAAS SUTHURST,22,NOR
7,IFSC Youth World Championships - Innsbruck (AUT) - 2017,107,YOUTH A MALE,2017-09-10 00:00:00,Albert ILSAAS SUTHURST,22,NOR
8,IFSC Climbing Worldcup (L) - Briançon (FRA) 2017,66,MEN,2017-07-29 00:00:00,Albert ILSAAS SUTHURST,22,NOR
9,European Youth Cup (L) - Dornbirn (AUT) 2017,41,YOUTH A MALE,2017-06-11 00:00:00,Albert ILSAAS SUTHURST,22,NOR
10,European Youth Cup (L) - Imst (AUT) 2017,48,YOUTH A MALE,2017-05-28 00:00:00,Albert ILSAAS SUTHURST,22,NOR
