,event,rank,para_class,date,name,age,country
0,"European Youth Championships (L,S) - Voronezh (RUS) 2019",17,YOUTH A MALE,2019-10-20 00:00:00,Albert MUSIL,21,CZE
1,"European Youth Cup (S,L) - Imst (AUT) 2019",37,YOUTH A MALE,2019-08-04 00:00:00,Albert MUSIL,21,CZE
2,European Youth Cup (L) - St. Pierre Faucigny (FRA) 2019,40,YOUTH A MALE,2019-06-30 00:00:00,Albert MUSIL,21,CZE
3,European Youth Cup (L) - Ostermundigen (SUI) 2019,35,YOUTH A MALE,2019-06-23 00:00:00,Albert MUSIL,21,CZE
4,IFSC Youth World Championships - Moscow (RUS) 2018,55,YOUTH A MALE,2018-08-16 00:00:00,Albert MUSIL,21,CZE
5,European Youth Cup (L) - Munich (GER) 2018,41,YOUTH A MALE,2018-07-08 00:00:00,Albert MUSIL,21,CZE
6,European Youth Cup (L) - Bruneck (ITA) 2018,31,YOUTH A MALE,2018-06-17 00:00:00,Albert MUSIL,21,CZE
7,"European Youth Championship (L, S) - Imst 2018",30,YOUTH A MALE,2018-05-27 00:00:00,Albert MUSIL,21,CZE
8,"European Youth Cup (L,S) - Voiron (FRA) 2018",29,YOUTH A MALE,2018-04-08 00:00:00,Albert MUSIL,21,CZE
9,IFSC Youth World Championships - Innsbruck (AUT) - 2017,43,YOUTH B MALE,2017-09-10 00:00:00,Albert MUSIL,21,CZE
10,European Youth Cup (L) - Mitterdorf (AUT) 2017,25,YOUTH B MALE,2017-08-13 00:00:00,Albert MUSIL,21,CZE
11,European Youth Cup (L) - Uster (SUI) 2017,25,YOUTH B MALE,2017-06-25 00:00:00,Albert MUSIL,21,CZE
12,European Youth Cup (L) - Dornbirn (AUT) 2017,30,YOUTH B MALE,2017-06-11 00:00:00,Albert MUSIL,21,CZE
13,"European Youth Championships (L,S) - Mitterdorf (AUT) 2016",45,YOUTH B MALE,2016-09-04 00:00:00,Albert MUSIL,21,CZE
14,European Youth Cup (L) - Imst (AUT) 2016,32,YOUTH B MALE,2016-05-29 00:00:00,Albert MUSIL,21,CZE
