,event,rank,para_class,date,name,age,country
0,IFSC - Climbing World Cup (L) - Briançon (FRA) 2022,69,MEN,2022-07-23 00:00:00,Alberto GOTTA,31,ITA
1,"IFSC Europe - Continental Cup (L,S) - Žilina (SVK) 2022",8,MEN,2022-07-17 00:00:00,Alberto GOTTA,31,ITA
2,"IFSC - Climbing World Cup (L,S) - Chamonix (FRA) 2022",37,MEN,2022-07-10 00:00:00,Alberto GOTTA,31,ITA
3,"IFSC Europe - Continental Cup (L,S) - Arco (ITA) 2022",30,MEN,2022-06-05 00:00:00,Alberto GOTTA,31,ITA
4,IFSC - Climbing World Cup (L) - Kranj (SLO) 2021,25,MEN,2021-09-04 00:00:00,Alberto GOTTA,31,ITA
5,IFSC - Climbing World Cup (L) - Briançon (FRA) 2021,42,MEN,2021-07-18 00:00:00,Alberto GOTTA,31,ITA
6,"IFSC - Climbing World Cup (L,S) - Villars (SUI) 2021",26,MEN,2021-07-03 00:00:00,Alberto GOTTA,31,ITA
7,IFSC Climbing Worldcup (L) - Kranj (SLO) 2017,41,MEN,2017-11-12 00:00:00,Alberto GOTTA,31,ITA
8,"IFSC Climbing Worldcup (L,S) - Xiamen (CHN) 2017",20,MEN,2017-10-15 00:00:00,Alberto GOTTA,31,ITA
9,"IFSC Climbing Worldcup (L,S) - Wujiang (CHN) 2017",19,MEN,2017-10-08 00:00:00,Alberto GOTTA,31,ITA
10,"IFSC Climbing Worldcup (L,S) - Edinburgh (GBR) 2017",16,MEN,2017-09-24 00:00:00,Alberto GOTTA,31,ITA
11,"IFSC Climbing Worldcup (L,S) - Arco (ITA) 2017",32,MEN,2017-08-26 00:00:00,Alberto GOTTA,31,ITA
12,IFSC Climbing Worldcup (L) - Chamonix (FRA) 2017,27,MEN,2017-07-13 00:00:00,Alberto GOTTA,31,ITA
13,"IFSC Climbing Worldcup (L,S) - Villars (SUI) 2017",35,MEN,2017-07-08 00:00:00,Alberto GOTTA,31,ITA
14,"European Championship (L,S) - Campitello di Fassa (ITA) 2017",37,MEN,2017-07-01 00:00:00,Alberto GOTTA,31,ITA
15,IFSC Climbing Worldcup (L) - Kranj (SLO) 2016,49,MEN,2016-11-27 00:00:00,Alberto GOTTA,31,ITA
16,"IFSC Climbing Worldcup (L, S) - Xiamen (CHN) 2016",14,MEN,2016-10-23 00:00:00,Alberto GOTTA,31,ITA
17,IFSC Climbing World Championships - Paris (FRA) 2016,19,MEN,2016-09-18 00:00:00,Alberto GOTTA,31,ITA
18,"IFSC Climbing Worldcup (L, S) - Arco (ITA) 2016",21,MEN,2016-08-27 00:00:00,Alberto GOTTA,31,ITA
19,IFSC Climbing Worldcup (L) - Imst (AUT) 2016,38,MEN,2016-08-20 00:00:00,Alberto GOTTA,31,ITA
20,IFSC Climbing Worldcup (L) - Briançon (FRA) 2016,24,MEN,2016-07-23 00:00:00,Alberto GOTTA,31,ITA
21,"IFSC Climbing Worldcup (L, S) - Villars (SUI) 2016",30,MEN,2016-07-16 00:00:00,Alberto GOTTA,31,ITA
22,"IFSC Climbing Worldcup (L,S) -Chamonix (FRA) 2016",59,MEN,2016-07-12 00:00:00,Alberto GOTTA,31,ITA
