,event,rank,para_class,date,name,age,country
0,IFSC Paraclimbing World Championships Bern 2023,3,MEN AL2,2023-08-10 00:00:00,Albert GUARDIA FERRER,38,ESP
1,IFSC Paraclimbing World Cup Villars 2023,8,MEN AL2,2023-06-24 00:00:00,Albert GUARDIA FERRER,38,ESP
2,IFSC Paraclimbing World Cup Innsbruck 2023,3,MEN AL2,2023-06-13 00:00:00,Albert GUARDIA FERRER,38,ESP
3,IFSC - Paraclimbing World Cup (L) - Villars (SUI) 2022,3,MEN AL2,2022-07-09 00:00:00,Albert GUARDIA FERRER,38,ESP
4,IFSC - Paraclimbing World Cup (L) - Innsbruck (AUT) 2022,1,MEN AL2,2022-06-22 00:00:00,Albert GUARDIA FERRER,38,ESP
5,IFSC - Paraclimbing World Cup (L) - Salt Lake City (USA) 2022,1,MEN AL2,2022-05-26 00:00:00,Albert GUARDIA FERRER,38,ESP
6,IFSC - Paraclimbing World Championships (L) - Moscow 2021,4,MEN AL2,2021-09-17 00:00:00,Albert GUARDIA FERRER,38,ESP
7,IFSC - Paraclimbing World Cup (L) - Briançon (FRA) 2021,5,MEN AL2,2021-07-15 00:00:00,Albert GUARDIA FERRER,38,ESP
8,IFSC - Paraclimbing World Cup (L) - Innsbruck (AUT) 2021,2,MEN AL2,2021-06-24 00:00:00,Albert GUARDIA FERRER,38,ESP
9,IFSC Paraclimbing World Championships - Briançon (FRA) 2019,3,MEN AL-2,2019-07-17 00:00:00,Albert GUARDIA FERRER,38,ESP
10,IFSC Paraclimbing World Championships - Innsbruck (AUT) 2018,3,MEN AL-2,2018-09-16 00:00:00,Albert GUARDIA FERRER,38,ESP
11,Paraclimbing Cup (L) - Briançon (FRA) 2018,4,MEN AL-2,2018-07-18 00:00:00,Albert GUARDIA FERRER,38,ESP
12,Paraclimbing Cup (L) - Sheffield (GBR) 2017,3,MEN AL-2,2017-10-08 00:00:00,Albert GUARDIA FERRER,38,ESP
13,Paraclimbing Cup (L) - Edinburgh (GBR) 2017,5,MEN AL-2,2017-09-24 00:00:00,Albert GUARDIA FERRER,38,ESP
14,Paraclimbing Cup (L) - Briançon (FRA) 2017,3,MEN AL-2,2017-07-26 00:00:00,Albert GUARDIA FERRER,38,ESP
15,Paraclimbing Master (L) - Imst (AUT) 2017,5,MEN AL-2,2017-07-09 00:00:00,Albert GUARDIA FERRER,38,ESP
16,Paraclimbing Cup (L) - Sheffield (GBR) 2016,2,MEN AL-2,2016-09-25 00:00:00,Albert GUARDIA FERRER,38,ESP
17,IFSC Paraclimbing World Championships - Paris (FRA) 2016,1,MEN AL-2,2016-09-18 00:00:00,Albert GUARDIA FERRER,38,ESP
18,Paraclimbing Master (L) - Imst (AUT) 2016,7,MEN AL-2,2016-07-17 00:00:00,Albert GUARDIA FERRER,38,ESP
