,event,rank,para_class,date,name,age,country
0,IFSC Europe - Youth Championship - Helsinki (FIN) 2023,18,JUNIORS MALE,2023-09-16 00:00:00,Albin MEYER,18,SWE
1,IFSC Europe - Continental Youth Cup (L) - Niederwangen (SUI) 2023,11,JUNIORS MALE,2023-06-18 00:00:00,Albin MEYER,18,SWE
2,"IFSC Europe - Continental Youth Championship (L,S) - Augsburg (GER) 2022",18,JUNIORS MALE,2022-07-10 00:00:00,Albin MEYER,18,SWE
3,IFSC Europe - Continental Youth Cup (L) - Dornbirn (AUT) 2022,13,JUNIORS MALE,2022-07-03 00:00:00,Albin MEYER,18,SWE
4,"IFSC Europe - Continental Youth Cup (L,S) - Imst (AUT) 2022",23,JUNIORS MALE,2022-05-29 00:00:00,Albin MEYER,18,SWE
