,event,rank,para_class,date,name,age,country
0,IFSC World Championships Bern 2023,39,WOMEN,2023-08-12 00:00:00,Alejandra CONTRERAS,22,CHI
1,IFSC World Cup Villars 2023,63,WOMEN,2023-07-02 00:00:00,Alejandra CONTRERAS,22,CHI
2,IFSC World Cup Innsbruck 2023,69,WOMEN,2023-06-18 00:00:00,Alejandra CONTRERAS,22,CHI
3,"IFSC - Climbing World Cup (L,S) - Villars (SUI) 2022",63,WOMEN,2022-07-02 00:00:00,Alejandra CONTRERAS,22,CHI
4,"IFSC - Climbing World Cup (B,L) - Innsbruck (AUT) 2022",71,WOMEN,2022-06-26 00:00:00,Alejandra CONTRERAS,22,CHI
5,"IFSC Pan Am - Continental Championships (B,S,L) - Ibarra (ECU) 2021",7,WOMEN,2021-12-06 00:00:00,Alejandra CONTRERAS,22,CHI
6,"IFSC - Climbing World Championships (B,L,S) - Moscow 2021",55,WOMEN,2021-09-21 00:00:00,Alejandra CONTRERAS,22,CHI
7,IFSC - Climbing World Cup (L) - Chamonix (FRA) 2021,58,WOMEN,2021-07-13 00:00:00,Alejandra CONTRERAS,22,CHI
8,"IFSC - Climbing World Cup (L,S) - Villars (SUI) 2021",43,WOMEN,2021-07-03 00:00:00,Alejandra CONTRERAS,22,CHI
9,"IFSC - Climbing World Cup (B,L) - Innsbruck (AUT) 2021",58,WOMEN,2021-06-26 00:00:00,Alejandra CONTRERAS,22,CHI
10,"PanAmerican Youth Championships (L, S, B) - Ibarra (ECU) 2019",1,JUNIORS FEMALE,2019-12-08 00:00:00,Alejandra CONTRERAS,22,CHI
11,IFSC Youth World Championships - Arco (ITA) 2019,14,JUNIORS FEMALE,2019-08-31 00:00:00,Alejandra CONTRERAS,22,CHI
12,IFSC Climbing World Championships - Hachioji (JPN) 2019,17,WOMEN,2019-08-21 00:00:00,Alejandra CONTRERAS,22,CHI
13,"IFSC Climbing Worldcup (L, S) - Chamonix (FRA) 2019",61,WOMEN,2019-07-13 00:00:00,Alejandra CONTRERAS,22,CHI
14,"IFSC Climbing Worldcup (L, S) - Villars (SUI) 2019",63,WOMEN,2019-07-06 00:00:00,Alejandra CONTRERAS,22,CHI
15,"IFSC PanAmerican Championship (L, S, B, C) - Guayaquil (ECU) 2018",6,WOMEN,2018-11-26 00:00:00,Alejandra CONTRERAS,22,CHI
16,IFSC Climbing World Championships - Innsbruck (AUT) 2018,53,WOMEN,2018-09-16 00:00:00,Alejandra CONTRERAS,22,CHI
17,IFSC Youth World Championships - Moscow (RUS) 2018,21,JUNIORS FEMALE,2018-08-16 00:00:00,Alejandra CONTRERAS,22,CHI
18,"IFSC Climbing Worldcup (L,S) - Arco (ITA) 2018",45,WOMEN,2018-07-28 00:00:00,Alejandra CONTRERAS,22,CHI
19,IFSC Climbing Worldcup (L) - Briançon (FRA) 2018,52,WOMEN,2018-07-21 00:00:00,Alejandra CONTRERAS,22,CHI
20,"IFSC Climbing Worldcup (L,S) - Chamonix (FRA) 2018",76,WOMEN,2018-07-13 00:00:00,Alejandra CONTRERAS,22,CHI
21,"PanAmerican Youth Championship (L, S, B) - Montreal (CAN) 2017",3,YOUTH A FEMALE,2017-11-05 00:00:00,Alejandra CONTRERAS,22,CHI
22,IFSC Youth World Championships - Innsbruck (AUT) - 2017,29,YOUTH A FEMALE,2017-09-10 00:00:00,Alejandra CONTRERAS,22,CHI
23,"IFSC Climbing Worldcup (L,S) - Arco (ITA) 2017",53,WOMEN,2017-08-26 00:00:00,Alejandra CONTRERAS,22,CHI
24,IFSC World Youth Championships - Guangzhou (CHN) - 2016,34,YOUTH A FEMALE,2016-11-13 00:00:00,Alejandra CONTRERAS,22,CHI
25,"PanAmerican Youth Championship (L,S, B) - Mexico City (MEX) 2014",3,YOUTH B FEMALE,2014-11-30 00:00:00,Alejandra CONTRERAS,22,CHI
