,event,rank,para_class,date,name,age,country
0,IFSC Climbing World Championships - Hachioji (JPN) 2019,72,WOMEN,2019-08-21 00:00:00,Aleksandra MIROSLAW,29,POL
1,IFSC Climbing World Championships - Innsbruck (AUT) 2018,97,WOMEN,2018-09-16 00:00:00,Aleksandra MIROSLAW,29,POL
2,"European Youth Cup (L,S) - Veliko Tarnovo (BUL) 2011",13,YOUTH A FEMALE,2011-08-04 00:00:00,Aleksandra MIROSLAW,29,POL
3,IFSC World Youth Championship - Edinburgh (GBR) - 2010,41,YOUTH A FEMALE,2010-09-12 00:00:00,Aleksandra MIROSLAW,29,POL
4,European Youth Series - Wien (AUT) 2010,31,YOUTH A FEMALE,2010-08-15 00:00:00,Aleksandra MIROSLAW,29,POL
5,European Youth Series - Imst (AUT) 2010,28,YOUTH A FEMALE,2010-06-06 00:00:00,Aleksandra MIROSLAW,29,POL
6,IFSC European Youth Series (L+S) - Kaliningrad (RUS),16,YOUTH B FEMALE,2009-10-18 00:00:00,Aleksandra MIROSLAW,29,POL
7,IFSC European Youth Series (L+S) - Munich (GER),32,YOUTH B FEMALE,2009-09-13 00:00:00,Aleksandra MIROSLAW,29,POL
8,IFSC World Youth Championships - Valence (FRA) 2009,57,YOUTH B FEMALE,2009-08-30 00:00:00,Aleksandra MIROSLAW,29,POL
9,European Youth Series - Imst (AUT) 2009,35,YOUTH B FEMALE,2009-05-24 00:00:00,Aleksandra MIROSLAW,29,POL
