,event,rank,para_class,date,name,age,country
0,"IFSC - Climbing World Cup (L,S) - Villars (SUI) 2021",46,WOMEN,2021-07-03 00:00:00,Aleksandra KALUCKA,21,POL
1,"IFSC - Climbing World Cup (B,L) - Innsbruck (AUT) 2021",65,WOMEN,2021-06-26 00:00:00,Aleksandra KALUCKA,21,POL
2,"IFSC Europe - Continental Championships (B,S,L,C) - Moscow (RUS) 2020",28,WOMEN,2020-11-29 00:00:00,Aleksandra KALUCKA,21,POL
3,IFSC Climbing Worldcup (L) - Inzai (JPN) 2019,44,WOMEN,2019-10-27 00:00:00,Aleksandra KALUCKA,21,POL
4,IFSC Climbing Worldcup (L) - Kranj (SLO) 2019,53,WOMEN,2019-09-29 00:00:00,Aleksandra KALUCKA,21,POL
5,IFSC Climbing World Championships - Hachioji (JPN) 2019,64,WOMEN,2019-08-21 00:00:00,Aleksandra KALUCKA,21,POL
6,IFSC Climbing Worldcup (L) - Briançon (FRA) 2019,74,WOMEN,2019-07-20 00:00:00,Aleksandra KALUCKA,21,POL
7,IFSC Climbing World Championships - Innsbruck (AUT) 2018,73,WOMEN,2018-09-16 00:00:00,Aleksandra KALUCKA,21,POL
8,IFSC Youth World Championships - Moscow (RUS) 2018,27,YOUTH A FEMALE,2018-08-16 00:00:00,Aleksandra KALUCKA,21,POL
9,"IFSC Climbing Worldcup (L,S) - Arco (ITA) 2018",76,WOMEN,2018-07-28 00:00:00,Aleksandra KALUCKA,21,POL
10,"IFSC Climbing Worldcup (L,S) - Chamonix (FRA) 2018",88,WOMEN,2018-07-13 00:00:00,Aleksandra KALUCKA,21,POL
11,European Youth Cup (L) - Bruneck (ITA) 2018,21,YOUTH A FEMALE,2018-06-17 00:00:00,Aleksandra KALUCKA,21,POL
12,"European Youth Championship (L, S) - Imst 2018",28,YOUTH A FEMALE,2018-05-27 00:00:00,Aleksandra KALUCKA,21,POL
13,"European Youth Cup (L,S) - Voiron (FRA) 2018",27,YOUTH A FEMALE,2018-04-08 00:00:00,Aleksandra KALUCKA,21,POL
14,IFSC Youth World Championships - Innsbruck (AUT) - 2017,41,YOUTH A FEMALE,2017-09-10 00:00:00,Aleksandra KALUCKA,21,POL
15,IFSC World Youth Championships - Guangzhou (CHN) - 2016,42,YOUTH B FEMALE,2016-11-13 00:00:00,Aleksandra KALUCKA,21,POL
16,European Youth Cup (L) - Imst (AUT) 2016,32,YOUTH B FEMALE,2016-05-29 00:00:00,Aleksandra KALUCKA,21,POL
