,event,rank,para_class,date,name,age,country
0,IFSC World Cup Wujiang 2023,20,WOMEN,2023-09-24 00:00:00,Aleksandra TOTKOVA,18,BUL
1,IFSC World Cup Koper 2023,30,WOMEN,2023-09-09 00:00:00,Aleksandra TOTKOVA,18,BUL
2,IFSC World Championships Bern 2023,55,WOMEN,2023-08-12 00:00:00,Aleksandra TOTKOVA,18,BUL
3,IFSC World Cup Briançon 2023,23,WOMEN,2023-07-15 00:00:00,Aleksandra TOTKOVA,18,BUL
4,IFSC World Cup Chamonix 2023,38,WOMEN,2023-07-09 00:00:00,Aleksandra TOTKOVA,18,BUL
5,IFSC World Cup Innsbruck 2023,24,WOMEN,2023-06-18 00:00:00,Aleksandra TOTKOVA,18,BUL
6,"IFSC - Climbing World Cup (L,S) - Edinburgh (GBR) 2022",22,WOMEN,2022-09-11 00:00:00,Aleksandra TOTKOVA,18,BUL
7,"IFSC - Climbing Youth World Championships (B,S,L) - Dallas (USA) 2022",1,YOUTH A FEMALE,2022-09-01 00:00:00,Aleksandra TOTKOVA,18,BUL
8,"IFSC Europe - Continental Championships (B,S,L) - Munich (GER) 2022",5,WOMEN,2022-08-18 00:00:00,Aleksandra TOTKOVA,18,BUL
9,"IFSC - Climbing World Cup (L,S) - Chamonix (FRA) 2022",15,WOMEN,2022-07-10 00:00:00,Aleksandra TOTKOVA,18,BUL
10,"IFSC - Climbing World Cup (L,S) - Villars (SUI) 2022",14,WOMEN,2022-07-02 00:00:00,Aleksandra TOTKOVA,18,BUL
11,"IFSC - Climbing World Cup (B,L) - Innsbruck (AUT) 2022",13,WOMEN,2022-06-26 00:00:00,Aleksandra TOTKOVA,18,BUL
12,"IFSC Europe - Continental Cup (L,S) - Arco (ITA) 2022",3,WOMEN,2022-06-05 00:00:00,Aleksandra TOTKOVA,18,BUL
13,"IFSC - Climbing World Championships (B,L,S) - Moscow 2021",12,WOMEN,2021-09-21 00:00:00,Aleksandra TOTKOVA,18,BUL
14,"IFSC - Climbing Youth World Championships (B,L,S) - Voronezh (RUS) 2021",4,YOUTH A FEMALE,2021-08-31 00:00:00,Aleksandra TOTKOVA,18,BUL
15,IFSC - Climbing World Cup (L) - Briançon (FRA) 2021,8,WOMEN,2021-07-18 00:00:00,Aleksandra TOTKOVA,18,BUL
16,IFSC - Climbing World Cup (L) - Chamonix (FRA) 2021,3,WOMEN,2021-07-13 00:00:00,Aleksandra TOTKOVA,18,BUL
17,"IFSC - Climbing World Cup (L,S) - Villars (SUI) 2021",6,WOMEN,2021-07-03 00:00:00,Aleksandra TOTKOVA,18,BUL
18,"IFSC - Climbing World Cup (B,L) - Innsbruck (AUT) 2021",18,WOMEN,2021-06-26 00:00:00,Aleksandra TOTKOVA,18,BUL
19,IFSC Europe - Continental Youth Cup (L) - Ostermundigen (SUI),2,YOUTH A FEMALE,2021-06-20 00:00:00,Aleksandra TOTKOVA,18,BUL
20,"IFSC Europe - Continental Youth Cup (L,S) - Imst (AUT) 2021",1,YOUTH A FEMALE,2021-06-13 00:00:00,Aleksandra TOTKOVA,18,BUL
21,"IFSC Europe - Continental Youth Championships (B,S,L) - Perm (RUS)",4,YOUTH A FEMALE,2021-05-05 00:00:00,Aleksandra TOTKOVA,18,BUL
22,IFSC Europe - Continental Youth Cup (L) - Augsburg (GER) 2020,1,YOUTH B FEMALE,2020-09-18 00:00:00,Aleksandra TOTKOVA,18,BUL
23,"European Youth Championships (L,S) - Voronezh (RUS) 2019",25,YOUTH B FEMALE,2019-10-20 00:00:00,Aleksandra TOTKOVA,18,BUL
24,IFSC Youth World Championships - Arco (ITA) 2019,3,YOUTH B FEMALE,2019-08-31 00:00:00,Aleksandra TOTKOVA,18,BUL
25,"European Youth Cup (S,L) - Imst (AUT) 2019",1,YOUTH B FEMALE,2019-08-04 00:00:00,Aleksandra TOTKOVA,18,BUL
26,European Youth Cup (L) - St. Pierre Faucigny (FRA) 2019,4,YOUTH B FEMALE,2019-06-30 00:00:00,Aleksandra TOTKOVA,18,BUL
27,European Youth Cup (L) - Ostermundigen (SUI) 2019,2,YOUTH B FEMALE,2019-06-23 00:00:00,Aleksandra TOTKOVA,18,BUL
