,event,rank,para_class,date,name,age,country
0,Paraclimbing Cup (L) - Edinburgh (GBR) 2017,3,WOMEN VISUAL IMPAIRMENT B3,2017-09-24 00:00:00,Alessandra MAMMI,23,ITA
1,Paraclimbing Cup (L) - Briançon (FRA) 2017,5,WOMEN VISUAL IMPAIRMENT B3,2017-07-26 00:00:00,Alessandra MAMMI,23,ITA
2,Paraclimbing Master (L) - Imst (AUT) 2017,2,WOMEN VISUAL IMPAIRMENT B2,2017-07-09 00:00:00,Alessandra MAMMI,23,ITA
3,Paraclimbing Cup (L) - Campitello di Fassa (ITA) 2016,4,WOMEN VISUAL IMPAIRMENT B2,2016-06-25 00:00:00,Alessandra MAMMI,23,ITA
