,event,rank,para_class,date,name,age,country
0,European Youth Cup (L) - Imst (AUT) 2016,34,YOUTH A MALE,2016-05-29 00:00:00,Ales MARSIK,23,CZE
1,IFSC World Youth Championships - Arco (ITA) - 2015,54,YOUTH B MALE,2015-09-06 00:00:00,Ales MARSIK,23,CZE
2,European Youth Cup (L) - Mitterdorf (AUT) 2015,31,YOUTH B MALE,2015-08-09 00:00:00,Ales MARSIK,23,CZE
3,European Youth Cup (L) - Imst (AUT) 2015,35,YOUTH B MALE,2015-05-31 00:00:00,Ales MARSIK,23,CZE
4,European Youth Cup (L) - Dornbirn (AUT) 2015,37,YOUTH B MALE,2015-05-10 00:00:00,Ales MARSIK,23,CZE
