,event,rank,para_class,date,name,age,country
0,IFSC - Paraclimbing World Cup (L) - Innsbruck (AUT) 2022,1,MEN RP3,2022-06-22 00:00:00,Alessandro NERI,60,ITA
1,IFSC - Paraclimbing World Cup (L) - Briançon (FRA) 2021,7,MEN RP3,2021-07-15 00:00:00,Alessandro NERI,60,ITA
2,IFSC - Paraclimbing World Cup (L) - Innsbruck (AUT) 2021,4,MEN RP3,2021-06-24 00:00:00,Alessandro NERI,60,ITA
3,IFSC Paraclimbing World Championships - Briançon (FRA) 2019,5,MEN RP3,2019-07-17 00:00:00,Alessandro NERI,60,ITA
4,IFSC Paraclimbing World Championships - Innsbruck (AUT) 2018,4,MEN RP3,2018-09-16 00:00:00,Alessandro NERI,60,ITA
5,Paraclimbing Cup (L) - Briançon (FRA) 2018,1,MEN RP3,2018-07-18 00:00:00,Alessandro NERI,60,ITA
