,event,rank,para_class,date,name,age,country
0,"IFSC - Climbing Youth World Championships (B,S,L) - Dallas (USA) 2022",4,YOUTH A FEMALE,2022-09-01 00:00:00,Alessia MABBONI,18,ITA
1,"IFSC Europe - Continental Youth Championship (L,S) - Augsburg (GER) 2022",1,YOUTH A FEMALE,2022-07-10 00:00:00,Alessia MABBONI,18,ITA
2,IFSC Europe - Continental Youth Cup (L) - Ostermundigen (SUI) 2022,1,YOUTH A FEMALE,2022-06-26 00:00:00,Alessia MABBONI,18,ITA
3,"IFSC Europe - Continental Cup (L,S) - Arco (ITA) 2022",15,WOMEN,2022-06-05 00:00:00,Alessia MABBONI,18,ITA
4,"IFSC Europe - Continental Youth Cup (L,S) - Imst (AUT) 2022",2,YOUTH A FEMALE,2022-05-29 00:00:00,Alessia MABBONI,18,ITA
5,"IFSC - Climbing Youth World Championships (B,L,S) - Voronezh (RUS) 2021",2,YOUTH A FEMALE,2021-08-31 00:00:00,Alessia MABBONI,18,ITA
6,"IFSC Europe - Continental Youth Cup (L,S) - Zilina (SVK) 2021",2,YOUTH A FEMALE,2021-07-31 00:00:00,Alessia MABBONI,18,ITA
7,IFSC - Climbing World Cup (L) - Briançon (FRA) 2021,42,WOMEN,2021-07-18 00:00:00,Alessia MABBONI,18,ITA
