,event,rank,para_class,date,name,age,country
0,IFSC Europe - Youth Championship - Helsinki (FIN) 2023,26,YOUTH A MALE,2023-09-16 00:00:00,Alexandru-florian ZAHARIA,16,ROU
1,IFSC European Cup Bologna 2023,38,MEN,2023-09-03 00:00:00,Alexandru-florian ZAHARIA,16,ROU
2,IFSC European Cup Žilina 2023,45,MEN,2023-07-22 00:00:00,Alexandru-florian ZAHARIA,16,ROU
3,"IFSC Europe - Continental Youth Cup (L,S) - Imst (AUT) 2023",13,YOUTH A MALE,2023-07-02 00:00:00,Alexandru-florian ZAHARIA,16,ROU
4,IFSC Europe - Continental Youth Cup (L) - Niederwangen (SUI) 2023,15,YOUTH A MALE,2023-06-18 00:00:00,Alexandru-florian ZAHARIA,16,ROU
5,"IFSC - Climbing Youth World Championships (B,S,L) - Dallas (USA) 2022",31,YOUTH B MALE,2022-09-01 00:00:00,Alexandru-florian ZAHARIA,16,ROU
6,"IFSC Europe - Continental Youth Championship (L,S) - Augsburg (GER) 2022",12,YOUTH B MALE,2022-07-10 00:00:00,Alexandru-florian ZAHARIA,16,ROU
7,IFSC Europe - Continental Youth Cup (L) - Dornbirn (AUT) 2022,14,YOUTH B MALE,2022-07-03 00:00:00,Alexandru-florian ZAHARIA,16,ROU
8,IFSC Europe - Continental Youth Cup (L) - Ostermundigen (SUI) 2022,39,YOUTH B MALE,2022-06-26 00:00:00,Alexandru-florian ZAHARIA,16,ROU
9,"IFSC Europe - Continental Youth Cup (L,S) - Imst (AUT) 2022",9,YOUTH B MALE,2022-05-29 00:00:00,Alexandru-florian ZAHARIA,16,ROU
10,"IFSC - Climbing Youth World Championships (B,L,S) - Voronezh (RUS) 2021",28,YOUTH B MALE,2021-08-31 00:00:00,Alexandru-florian ZAHARIA,16,ROU
11,IFSC Europe - Continental Youth Cup (L) - Veliko Tarnovo (BUL) 2021,6,YOUTH B MALE,2021-07-25 00:00:00,Alexandru-florian ZAHARIA,16,ROU
12,"IFSC Europe - Continental Youth Cup (L,S) - Puurs (BEL) 2021",18,YOUTH B MALE,2021-07-04 00:00:00,Alexandru-florian ZAHARIA,16,ROU
13,IFSC Europe - Continental Youth Cup (L) - Ostermundigen (SUI),25,YOUTH B MALE,2021-06-20 00:00:00,Alexandru-florian ZAHARIA,16,ROU
14,"IFSC Europe - Continental Youth Cup (L,S) - Imst (AUT) 2021",8,YOUTH B MALE,2021-06-13 00:00:00,Alexandru-florian ZAHARIA,16,ROU
15,"IFSC Europe - Continental Youth Championships (B,S,L) - Perm (RUS)",22,YOUTH B MALE,2021-05-05 00:00:00,Alexandru-florian ZAHARIA,16,ROU
