,event,rank,para_class,date,name,age,country
0,IFSC World Cup Koper 2023,5,MEN,2023-09-09 00:00:00,Alexander MEGOS,30,GER
1,IFSC World Championships Bern 2023,3,MEN,2023-08-12 00:00:00,Alexander MEGOS,30,GER
2,IFSC World Cup Chamonix 2023,4,MEN,2023-07-09 00:00:00,Alexander MEGOS,30,GER
3,IFSC World Cup Villars 2023,3,MEN,2023-07-02 00:00:00,Alexander MEGOS,30,GER
4,IFSC World Cup Innsbruck 2023,2,MEN,2023-06-18 00:00:00,Alexander MEGOS,30,GER
5,IFSC - Climbing World Cup (L) - Koper (SLO) 2022,9,MEN,2022-09-03 00:00:00,Alexander MEGOS,30,GER
6,"IFSC Europe - Continental Championships (B,S,L) - Munich (GER) 2022",5,MEN,2022-08-18 00:00:00,Alexander MEGOS,30,GER
7,IFSC - Climbing World Cup (L) - Briançon (FRA) 2022,3,MEN,2022-07-23 00:00:00,Alexander MEGOS,30,GER
8,"IFSC - Climbing World Cup (L,S) - Chamonix (FRA) 2022",26,MEN,2022-07-10 00:00:00,Alexander MEGOS,30,GER
9,"IFSC - Climbing World Cup (L,S) - Villars (SUI) 2022",18,MEN,2022-07-02 00:00:00,Alexander MEGOS,30,GER
10,"IFSC - Climbing World Cup (B,L) - Innsbruck (AUT) 2022",8,MEN,2022-06-26 00:00:00,Alexander MEGOS,30,GER
11,"IFSC - Climbing World Cup (L,S) - Villars (SUI) 2021",2,MEN,2021-07-03 00:00:00,Alexander MEGOS,30,GER
12,"IFSC - Climbing World Cup (B,L) - Innsbruck (AUT) 2021",6,MEN,2021-06-26 00:00:00,Alexander MEGOS,30,GER
13,IFSC - Climbing World Cup (L) - Briançon (FRA) 2020,5,MEN,2020-08-22 00:00:00,Alexander MEGOS,30,GER
14,IFSC Climbing World Championships - Hachioji (JPN) 2019,2,MEN,2019-08-21 00:00:00,Alexander MEGOS,30,GER
15,IFSC Climbing Worldcup (L) - Briançon (FRA) 2019,16,MEN,2019-07-20 00:00:00,Alexander MEGOS,30,GER
16,"IFSC Climbing Worldcup (L, S) - Chamonix (FRA) 2019",2,MEN,2019-07-13 00:00:00,Alexander MEGOS,30,GER
17,"IFSC Climbing Worldcup (L, S) - Villars (SUI) 2019",3,MEN,2019-07-06 00:00:00,Alexander MEGOS,30,GER
18,IFSC Climbing World Championships - Innsbruck (AUT) 2018,3,MEN,2018-09-16 00:00:00,Alexander MEGOS,30,GER
19,"IFSC Climbing Worldcup (L,S) - Arco (ITA) 2018",12,MEN,2018-07-28 00:00:00,Alexander MEGOS,30,GER
20,IFSC Climbing Worldcup (L) - Briançon (FRA) 2018,1,MEN,2018-07-21 00:00:00,Alexander MEGOS,30,GER
21,"IFSC Climbing Worldcup (L,S) - Chamonix (FRA) 2018",3,MEN,2018-07-13 00:00:00,Alexander MEGOS,30,GER
22,"IFSC Climbing Worldcup (L,S) - Villars (SUI) 2018",9,MEN,2018-07-07 00:00:00,Alexander MEGOS,30,GER
23,IFSC Climbing Worldcup (L) - Kranj (SLO) 2017,2,MEN,2017-11-12 00:00:00,Alexander MEGOS,30,GER
24,"IFSC Climbing Worldcup (L,S) - Arco (ITA) 2017",8,MEN,2017-08-26 00:00:00,Alexander MEGOS,30,GER
25,IFSC Climbing Worldcup (L) - Puurs (BEL) 2011,14,MEN,2011-10-01 00:00:00,Alexander MEGOS,30,GER
26,IFSC World Youth Championship - Imst (AUT) - 2011,4,JUNIORS MALE,2011-08-28 00:00:00,Alexander MEGOS,30,GER
27,"IFSC Climbing Worldcup (L,S) - Chamonix (FRA) 2011",19,MEN,2011-07-13 00:00:00,Alexander MEGOS,30,GER
28,European Youth Series - Kranj (SLO) 2010,1,YOUTH A MALE,2010-11-21 00:00:00,Alexander MEGOS,30,GER
29,European Youth Series - Annecy (France) 2010,2,YOUTH A MALE,2010-10-24 00:00:00,Alexander MEGOS,30,GER
30,European Youth Series - Veliko Tarnovo (BUL) 2010,1,YOUTH A MALE,2010-10-03 00:00:00,Alexander MEGOS,30,GER
31,European Championship - Imst/Innsbruck (AUT) 2010,23,MEN,2010-09-18 00:00:00,Alexander MEGOS,30,GER
32,IFSC World Youth Championship - Edinburgh (GBR) - 2010,2,YOUTH A MALE,2010-09-12 00:00:00,Alexander MEGOS,30,GER
33,European Youth Series - Wien (AUT) 2010,1,YOUTH A MALE,2010-08-15 00:00:00,Alexander MEGOS,30,GER
34,"IFSC Climbing Worldcup (L,S) - Chamonix (FRA) 2010",15,MEN,2010-07-13 00:00:00,Alexander MEGOS,30,GER
35,European Youth Series - Imst (AUT) 2010,1,YOUTH A MALE,2010-06-06 00:00:00,Alexander MEGOS,30,GER
36,IFSC European Youth Series - Kranj (SLO) 2009,1,YOUTH A MALE,2009-11-22 00:00:00,Alexander MEGOS,30,GER
37,IFSC European Youth Series (L+S) - Kaliningrad (RUS),1,YOUTH A MALE,2009-10-18 00:00:00,Alexander MEGOS,30,GER
38,IFSC European Youth Series - Edinburgh (GBR),1,YOUTH A MALE,2009-09-20 00:00:00,Alexander MEGOS,30,GER
39,IFSC European Youth Series (L+S) - Munich (GER),1,YOUTH A MALE,2009-09-13 00:00:00,Alexander MEGOS,30,GER
40,IFSC World Youth Championships - Valence (FRA) 2009,8,YOUTH A MALE,2009-08-30 00:00:00,Alexander MEGOS,30,GER
41,"IFSC Climbing Worldcup (S, L) - Chamonix (FRA) 2009",24,MEN,2009-07-13 00:00:00,Alexander MEGOS,30,GER
42,European Youth Series - Imst (AUT) 2009,1,YOUTH A MALE,2009-05-24 00:00:00,Alexander MEGOS,30,GER
43,IFSC European Youth Series (L) - Annecy (FRA) 2008,5,YOUTH B MALE,2008-11-02 00:00:00,Alexander MEGOS,30,GER
44,IFSC European Youth Series (L) - Imst (AUT) 2008,3,YOUTH B MALE,2008-09-28 00:00:00,Alexander MEGOS,30,GER
45,IFSC European Youth Series (L+S) - Wuppertal (GER) 2008,6,YOUTH B MALE,2008-06-22 00:00:00,Alexander MEGOS,30,GER
