,event,rank,para_class,date,name,age,country
0,IFSC Europe - Youth Championship - Helsinki (FIN) 2023,6,YOUTH A MALE,2023-09-16 00:00:00,Alexandre NOËL,17,BEL
1,IFSC Youth World Championships Seoul 2023,35,YOUTH A MALE,2023-08-27 00:00:00,Alexandre NOËL,17,BEL
2,IFSC European Cup Žilina 2023,36,MEN,2023-07-22 00:00:00,Alexandre NOËL,17,BEL
3,"IFSC Europe - Continental Youth Cup (L,S) - Imst (AUT) 2023",14,YOUTH A MALE,2023-07-02 00:00:00,Alexandre NOËL,17,BEL
4,IFSC Europe - Continental Youth Cup (L) - St. Pierre en Faucigny (FRA) 2023,35,YOUTH A MALE,2023-06-25 00:00:00,Alexandre NOËL,17,BEL
5,IFSC Europe - Continental Youth Cup (L) - Niederwangen (SUI) 2023,18,YOUTH A MALE,2023-06-18 00:00:00,Alexandre NOËL,17,BEL
6,IFSC Europe - Continental Youth Cup (L) - Dornbirn (AUT) 2022,25,YOUTH A MALE,2022-07-03 00:00:00,Alexandre NOËL,17,BEL
7,IFSC Europe - Continental Youth Cup (L) - Ostermundigen (SUI) 2022,23,YOUTH A MALE,2022-06-26 00:00:00,Alexandre NOËL,17,BEL
8,"IFSC Europe - Continental Youth Cup (L,S) - Imst (AUT) 2022",26,YOUTH A MALE,2022-05-29 00:00:00,Alexandre NOËL,17,BEL
9,"IFSC - Climbing Youth World Championships (B,L,S) - Voronezh (RUS) 2021",32,YOUTH B MALE,2021-08-31 00:00:00,Alexandre NOËL,17,BEL
10,"IFSC Europe - Continental Youth Cup (L,S) - Puurs (BEL) 2021",7,YOUTH B MALE,2021-07-04 00:00:00,Alexandre NOËL,17,BEL
11,IFSC Europe - Continental Youth Cup (L) - Ostermundigen (SUI),7,YOUTH B MALE,2021-06-20 00:00:00,Alexandre NOËL,17,BEL
12,"IFSC Europe - Continental Youth Cup (L,S) - Imst (AUT) 2021",17,YOUTH B MALE,2021-06-13 00:00:00,Alexandre NOËL,17,BEL
13,IFSC Europe - Continental Youth Cup (L) - Augsburg (GER) 2020,22,YOUTH B MALE,2020-09-18 00:00:00,Alexandre NOËL,17,BEL
