,event,rank,para_class,date,name,age,country
0,World University Championships - Bratislava (SVK) 2018,18,MEN,2018-06-23 00:00:00,Alexander AVERDUNK,26,GER
1,"IFSC Climbing Worldcup (L,S) - Edinburgh (GBR) 2017",42,MEN,2017-09-24 00:00:00,Alexander AVERDUNK,26,GER
2,IFSC World Youth Championships - Guangzhou (CHN) - 2016,32,JUNIORS MALE,2016-11-13 00:00:00,Alexander AVERDUNK,26,GER
3,"European Youth Cup (L, S) - Edinburgh (GBR) 2013",26,YOUTH A MALE,2013-06-09 00:00:00,Alexander AVERDUNK,26,GER
