,event,rank,para_class,date,name,age,country
0,IFSC Youth World Championships - Moscow (RUS) 2018,50,YOUTH A MALE,2018-08-16 00:00:00,Alexander CVETKOVSKI,21,AUS
1,"Oceania Continental Championships &amp; Oceania Youth Championships (L,S,B) - Noumea (FRA) 2017",5,YOUTH A MALE,2017-10-15 00:00:00,Alexander CVETKOVSKI,21,AUS
2,IFSC Youth World Championships - Innsbruck (AUT) - 2017,89,YOUTH A MALE,2017-09-10 00:00:00,Alexander CVETKOVSKI,21,AUS
3,IFSC World Youth Championships - Guangzhou (CHN) - 2016,36,YOUTH B MALE,2016-11-13 00:00:00,Alexander CVETKOVSKI,21,AUS
4,Oceania Continental Championship - Sidney (AUS) 2016,2,YOUTH B MALE,2016-06-19 00:00:00,Alexander CVETKOVSKI,21,AUS
