,event,rank,para_class,date,name,age,country
0,IFSC - Climbing World Cup (L) - Briançon (FRA) 2021,54,WOMEN,2021-07-18 00:00:00,Alexandra GULLBERG,22,SWE
1,"IFSC - Climbing World Cup (B,L) - Innsbruck (AUT) 2021",72,WOMEN,2021-06-26 00:00:00,Alexandra GULLBERG,22,SWE
2,European Youth Cup (L) - Munich (GER) 2018,37,YOUTH A FEMALE,2018-07-08 00:00:00,Alexandra GULLBERG,22,SWE
3,European Youth Cup (L) - Dornbirn (AUT) 2017,27,YOUTH A FEMALE,2017-06-11 00:00:00,Alexandra GULLBERG,22,SWE
4,European Youth Cup (L) - Imst (AUT) 2017,40,YOUTH A FEMALE,2017-05-28 00:00:00,Alexandra GULLBERG,22,SWE
5,"European Youth Championships (L,S) - Mitterdorf (AUT) 2016",43,YOUTH B FEMALE,2016-09-04 00:00:00,Alexandra GULLBERG,22,SWE
6,European Youth Cup (L) - Imst (AUT) 2016,41,YOUTH B FEMALE,2016-05-29 00:00:00,Alexandra GULLBERG,22,SWE
7,European Youth Cup (L) - Mitterdorf (AUT) 2015,35,YOUTH B FEMALE,2015-08-09 00:00:00,Alexandra GULLBERG,22,SWE
8,European Youth Cup (L) - Imst (AUT) 2015,35,YOUTH B FEMALE,2015-05-31 00:00:00,Alexandra GULLBERG,22,SWE
9,European Youth Cup (L) - Dornbirn (AUT) 2015,43,YOUTH B FEMALE,2015-05-10 00:00:00,Alexandra GULLBERG,22,SWE
