,event,rank,para_class,date,name,age,country
0,IFSC World Youth Championships - Valence (FRA) 2009,40,JUNIORS MALE,2009-08-30 00:00:00,Alexander STEPANOV,33,RUS
1,IFSC Climbing World Youth Championship - Sydney (AUS) 2008,35,JUNIORS MALE,2008-08-31 00:00:00,Alexander STEPANOV,33,RUS
2,IFSC Climbing World Youth Championship - Ibarra (ECU) 2007,13,YOUTH A MALE,2007-08-26 00:00:00,Alexander STEPANOV,33,RUS
3,European Youth Cup - Velika Tarnovo (BUL) 2006,4,YOUTH A MALE,2006-10-08 00:00:00,Alexander STEPANOV,33,RUS
4,UIAA World Youth Championship - Imst (AUT) 2006,36,YOUTH A MALE,2006-08-27 00:00:00,Alexander STEPANOV,33,RUS
5,European Youth Cup - Gdansk (POL) 2006,13,YOUTH A MALE,2006-07-23 00:00:00,Alexander STEPANOV,33,RUS
6,European Youth Cup - Geneva (SUI) 2005,8,YOUTH B MALE,2005-10-08 00:00:00,Alexander STEPANOV,33,RUS
7,UIAA World Youth Championship - Bejing (CHN) 2005,15,YOUTH B MALE,2005-08-25 00:00:00,Alexander STEPANOV,33,RUS
8,European Youth Cup - Imst (AUT) 2005,11,YOUTH B MALE,2005-05-21 00:00:00,Alexander STEPANOV,33,RUS
9,European Youth Cup - Brno (CZE) 2005,13,YOUTH B MALE,2005-04-16 00:00:00,Alexander STEPANOV,33,RUS
10,European Youth Cup - Kranj (SLO) 2004,7,YOUTH B MALE,2004-11-27 00:00:00,Alexander STEPANOV,33,RUS
11,UIAA World Youth Championship - Edinburgh (GBR) 2004,15,YOUTH B MALE,2004-09-12 00:00:00,Alexander STEPANOV,33,RUS
12,European Youth Cup + Festival - Veliko Tarnovo (BUL) 2004,7,YOUTH B MALE,2004-08-22 00:00:00,Alexander STEPANOV,33,RUS
13,European Youth Cup - Imst (AUT) 2004,7,YOUTH B MALE,2004-05-15 00:00:00,Alexander STEPANOV,33,RUS
14,European Youth Cup - Geneva (SUI) 2004,7,YOUTH B MALE,2004-04-03 00:00:00,Alexander STEPANOV,33,RUS
