,event,rank,para_class,date,name,age,country
0,IFSC Paraclimbing World Championships Bern 2023,6,MEN B1,2023-08-10 00:00:00,Alexandru BENCHEA,24,ROU
1,IFSC - Paraclimbing World Cup (L) - Villars (SUI) 2022,4,MEN B1,2022-07-09 00:00:00,Alexandru BENCHEA,24,ROU
2,IFSC - Paraclimbing World Cup (L) - Salt Lake City (USA) 2022,3,MEN B1,2022-05-26 00:00:00,Alexandru BENCHEA,24,ROU
3,IFSC - Paraclimbing World Championships (L) - Moscow 2021,8,MEN B1,2021-09-17 00:00:00,Alexandru BENCHEA,24,ROU
4,IFSC Paraclimbing World Championships - Briançon (FRA) 2019,8,MEN VISUAL IMPAIRMENT B1,2019-07-17 00:00:00,Alexandru BENCHEA,24,ROU
