,event,rank,para_class,date,name,age,country
0,IFSC World Championships Bern 2023,99,MEN,2023-08-12 00:00:00,Alexey PANFILOV,26,KAZ
1,IFSC World Cup Innsbruck 2023,84,MEN,2023-06-18 00:00:00,Alexey PANFILOV,26,KAZ
2,"IFSC Asia - Continental Championships (B, L, S, B&amp;L) - Republic of Korea 2022",22,MEN,2022-10-16 00:00:00,Alexey PANFILOV,26,KAZ
3,"IFSC - Climbing World Championships (B,L,S) - Moscow 2021",84,MEN,2021-09-21 00:00:00,Alexey PANFILOV,26,KAZ
4,Asian Championships - Kurayoshi (JPN) 2018,25,MEN,2018-11-11 00:00:00,Alexey PANFILOV,26,KAZ
5,"IFSC Climbing Worldcup (L,S) - Chamonix (FRA) 2018",104,MEN,2018-07-13 00:00:00,Alexey PANFILOV,26,KAZ
6,Asian Continental Championships - Tehran (IRI) 2017,27,MEN,2017-09-21 00:00:00,Alexey PANFILOV,26,KAZ
7,IFSC World Youth Championships - Guangzhou (CHN) - 2016,39,JUNIORS MALE,2016-11-13 00:00:00,Alexey PANFILOV,26,KAZ
8,Asian Youth Championship - Tehran (IRI) 2016,8,JUNIORS MALE,2016-09-30 00:00:00,Alexey PANFILOV,26,KAZ
9,IFSC World Youth Championship - Central Saanich (CAN) - 2013,36,YOUTH A MALE,2013-08-19 00:00:00,Alexey PANFILOV,26,KAZ
10,Asian Youth Championship - Hamedan (IRI) 2012,3,YOUTH B MALE,2012-07-13 00:00:00,Alexey PANFILOV,26,KAZ
11,IFSC World Youth Championship - Imst (AUT) - 2011,65,YOUTH B MALE,2011-08-28 00:00:00,Alexey PANFILOV,26,KAZ
