,event,rank,para_class,date,name,age,country
0,UIAA Worldcup - Lecco (ITA) 2001,61,MEN,2001-09-22 00:00:00,Alexander MEIKL,42,AUT
1,UIAA World Championship - Winterthur (SUI) 2001,51,MEN,2001-09-08 00:00:00,Alexander MEIKL,42,AUT
2,UIAA Worldcup - Chamonix (FRA) 2001,45,MEN,2001-07-15 00:00:00,Alexander MEIKL,42,AUT
3,EuropeanYouth Cup - Amsterdam (NED) 1999,3,JUNIORS MALE,1999-11-27 00:00:00,Alexander MEIKL,42,AUT
4,European Youth Cup - Albertville (FRA) 1999,2,JUNIORS MALE,1999-10-16 00:00:00,Alexander MEIKL,42,AUT
5,European Youth Cup - Bern (SUI) 1999,1,JUNIORS MALE,1999-08-14 00:00:00,Alexander MEIKL,42,AUT
6,European Youth Cup - Imst (AUT) 1999,2,JUNIORS MALE,1999-07-10 00:00:00,Alexander MEIKL,42,AUT
7,UIAA Worldcup - Leipzig (GER) 1999,22,MEN,1999-05-28 00:00:00,Alexander MEIKL,42,AUT
8,European Youth Cup - Aix en Provence (FRA) 1998,3,YOUTH A MALE,1998-10-31 00:00:00,Alexander MEIKL,42,AUT
9,UIAA Youth Worldchampionship - Moscow (RUS) 1998,1,YOUTH A MALE,1998-07-16 00:00:00,Alexander MEIKL,42,AUT
10,European Youth Cup - Imst (AUT) 1998,2,YOUTH A MALE,1998-07-11 00:00:00,Alexander MEIKL,42,AUT
11,European Youth Cup - Dortmund (GER) 1998,8,YOUTH A MALE,1998-06-12 00:00:00,Alexander MEIKL,42,AUT
12,UIAA Worldcup - Imst 1997,65,MEN,1997-11-22 00:00:00,Alexander MEIKL,42,AUT
13,UIAA Youth Worldchampionship - Imst (AUT) 1997,7,YOUTH A MALE,1997-11-14 00:00:00,Alexander MEIKL,42,AUT
14,European Youth Cup - Bern (SUI) 1997,11,YOUTH A MALE,1997-08-24 00:00:00,Alexander MEIKL,42,AUT
15,European Youth Cup - Dortmund (GER) 1997,16,YOUTH A MALE,1997-06-01 00:00:00,Alexander MEIKL,42,AUT
16,European Youth Cup - Bolzano (ITA) 1997,8,YOUTH A MALE,1997-05-04 00:00:00,Alexander MEIKL,42,AUT
17,European Youth Cup - Ravenna (ITA) 1996,12,YOUTH B MALE,1996-06-29 00:00:00,Alexander MEIKL,42,AUT
