,event,rank,para_class,date,name,age,country
0,"IFSC Climbing Worldcup (L,S) - Chamonix (FRA) 2018",111,MEN,2018-07-13 00:00:00,Alexey MOLCHANOV,33,KAZ
1,Asian Continental Championships - Tehran (IRI) 2017,32,MEN,2017-09-21 00:00:00,Alexey MOLCHANOV,33,KAZ
2,"Asian Continental Championship - Tehran, (IRN) 2013",24,MEN,2013-05-24 00:00:00,Alexey MOLCHANOV,33,KAZ
3,"Asian Continental Championship - Leye, Guangxi (CHN) 2012",15,MEN,2012-04-28 00:00:00,Alexey MOLCHANOV,33,KAZ
4,"IFSC Climbing Worldcup (L,S) - Changzhi (CHN) 2011",31,MEN,2011-09-08 00:00:00,Alexey MOLCHANOV,33,KAZ
5,IFSC Climbing World Championships - Arco (ITA) 2011,115,MEN,2011-07-24 00:00:00,Alexey MOLCHANOV,33,KAZ
6,Asian Continental Championship,29,MEN,2010-09-19 00:00:00,Alexey MOLCHANOV,33,KAZ
7,Asia Championship - Chuncheon (KOR) - 2009,32,MEN,2009-08-30 00:00:00,Alexey MOLCHANOV,33,KAZ
8,IFSC Climbing World Championships - Qinghai (CHN) 2009,68,MEN,2009-07-05 00:00:00,Alexey MOLCHANOV,33,KAZ
9,IFSC Climbing Worldcup (S + L) - Qinghai (CHN) 2008,26,MEN,2008-06-28 00:00:00,Alexey MOLCHANOV,33,KAZ
10,IFSC Asian Championships (B+L+S) - Guangzhou (CHN) 2008,15,MEN,2008-05-25 00:00:00,Alexey MOLCHANOV,33,KAZ
11,UIAA World Youth Championship - Imst (AUT) 2006,90,YOUTH A MALE,2006-08-27 00:00:00,Alexey MOLCHANOV,33,KAZ
