,event,rank,para_class,date,name,age,country
0,IFSC World Youth Championship - Imst (AUT) - 2011,15,JUNIORS FEMALE,2011-08-28 00:00:00,Alexandra LADURNER,31,ITA
1,European Youth Series - Kranj (SLO) 2010,5,JUNIORS FEMALE,2010-11-21 00:00:00,Alexandra LADURNER,31,ITA
2,European Youth Series - Annecy (France) 2010,5,JUNIORS FEMALE,2010-10-24 00:00:00,Alexandra LADURNER,31,ITA
3,European Youth Series - Veliko Tarnovo (BUL) 2010,2,JUNIORS FEMALE,2010-10-03 00:00:00,Alexandra LADURNER,31,ITA
4,IFSC World Youth Championship - Edinburgh (GBR) - 2010,1,JUNIORS FEMALE,2010-09-12 00:00:00,Alexandra LADURNER,31,ITA
5,European Youth Series - Wien (AUT) 2010,4,JUNIORS FEMALE,2010-08-15 00:00:00,Alexandra LADURNER,31,ITA
6,Rock Master - World Championship Pre-event - Arco (ITA),23,WOMEN,2010-07-18 00:00:00,Alexandra LADURNER,31,ITA
7,"IFSC Climbing Worldcup (L,S) - Chamonix (FRA) 2010",43,WOMEN,2010-07-13 00:00:00,Alexandra LADURNER,31,ITA
8,European Youth Series - Imst (AUT) 2010,5,JUNIORS FEMALE,2010-06-06 00:00:00,Alexandra LADURNER,31,ITA
9,IFSC European Youth Series - Kranj (SLO) 2009,2,YOUTH A FEMALE,2009-11-22 00:00:00,Alexandra LADURNER,31,ITA
10,IFSC European Youth Series (L+S) - Kaliningrad (RUS),1,YOUTH A FEMALE,2009-10-18 00:00:00,Alexandra LADURNER,31,ITA
11,IFSC European Youth Series - Edinburgh (GBR),10,YOUTH A FEMALE,2009-09-20 00:00:00,Alexandra LADURNER,31,ITA
12,IFSC European Youth Series (L+S) - Munich (GER),5,YOUTH A FEMALE,2009-09-13 00:00:00,Alexandra LADURNER,31,ITA
13,Int. Event (L+B+S) ROCKMASTER - Arco (ITA) 2009,11,WOMEN,2009-09-06 00:00:00,Alexandra LADURNER,31,ITA
14,IFSC World Youth Championships - Valence (FRA) 2009,18,YOUTH A FEMALE,2009-08-30 00:00:00,Alexandra LADURNER,31,ITA
15,"IFSC Climbing Worldcup (S, L) - Chamonix (FRA) 2009",40,WOMEN,2009-07-13 00:00:00,Alexandra LADURNER,31,ITA
16,European Youth Series - Imst (AUT) 2009,2,YOUTH A FEMALE,2009-05-24 00:00:00,Alexandra LADURNER,31,ITA
17,IFSC European Youth Series (L) - Imst (AUT) 2008,6,YOUTH A FEMALE,2008-09-28 00:00:00,Alexandra LADURNER,31,ITA
18,IFSC Climbing World Youth Championship - Sydney (AUS) 2008,3,YOUTH A FEMALE,2008-08-31 00:00:00,Alexandra LADURNER,31,ITA
19,IFSC European Youth Series (L) - Prague (CZE) 2008,7,YOUTH A FEMALE,2008-05-18 00:00:00,Alexandra LADURNER,31,ITA
20,European Youth Series - Kranj (SLO) 2007,3,YOUTH B FEMALE,2007-11-25 00:00:00,Alexandra LADURNER,31,ITA
21,European Youth Series - Linz (AUT) 2007,5,YOUTH B FEMALE,2007-10-28 00:00:00,Alexandra LADURNER,31,ITA
22,IFSC Climbing World Youth Championship - Ibarra (ECU) 2007,2,YOUTH B FEMALE,2007-08-26 00:00:00,Alexandra LADURNER,31,ITA
23,European Youth Series - Warsaw (POL) 2007,8,YOUTH B FEMALE,2007-07-22 00:00:00,Alexandra LADURNER,31,ITA
24,European Youth Series - Leipzig (GER) 2007,3,YOUTH B FEMALE,2007-07-08 00:00:00,Alexandra LADURNER,31,ITA
25,European Youth Series - Veliko Tarnovo (BUL) 2007,3,YOUTH B FEMALE,2007-07-01 00:00:00,Alexandra LADURNER,31,ITA
26,European Youth Series - Imst (AUT) 2007,5,YOUTH B FEMALE,2007-05-20 00:00:00,Alexandra LADURNER,31,ITA
27,European Youth Cup - Kranj (SLO) 2006,8,YOUTH B FEMALE,2006-11-26 00:00:00,Alexandra LADURNER,31,ITA
28,European Youth Cup - Annecy (FRA) 2006,13,YOUTH B FEMALE,2006-10-29 00:00:00,Alexandra LADURNER,31,ITA
29,European Youth Cup - Velika Tarnovo (BUL) 2006,4,YOUTH B FEMALE,2006-10-08 00:00:00,Alexandra LADURNER,31,ITA
30,UIAA World Youth Championship - Imst (AUT) 2006,15,YOUTH B FEMALE,2006-08-27 00:00:00,Alexandra LADURNER,31,ITA
31,European Youth Cup - Gdansk (POL) 2006,5,YOUTH B FEMALE,2006-07-23 00:00:00,Alexandra LADURNER,31,ITA
32,European Youth Cup - Imst (AUT) 2006 after disqualification,8,YOUTH B FEMALE,2006-05-28 00:00:00,Alexandra LADURNER,31,ITA
