,event,rank,para_class,date,name,age,country
0,IFSC World Championships Bern 2023,45,MEN,2023-08-12 00:00:00,Alex KHAZANOV,28,ISR
1,IFSC World Cup Innsbruck 2023,54,MEN,2023-06-18 00:00:00,Alex KHAZANOV,28,ISR
2,"IFSC - Climbing World Cup (B,L) - Innsbruck (AUT) 2022",59,MEN,2022-06-26 00:00:00,Alex KHAZANOV,28,ISR
3,"IFSC - Climbing World Championships (B,L,S) - Moscow 2021",42,MEN,2021-09-21 00:00:00,Alex KHAZANOV,28,ISR
4,IFSC - Climbing World Cup (L) - Chamonix (FRA) 2021,64,MEN,2021-07-13 00:00:00,Alex KHAZANOV,28,ISR
5,"IFSC Europe - Continental Championships (B,S,L,C) - Moscow (RUS) 2020",10,MEN,2020-11-29 00:00:00,Alex KHAZANOV,28,ISR
6,IFSC Climbing Worldcup (L) - Inzai (JPN) 2019,34,MEN,2019-10-27 00:00:00,Alex KHAZANOV,28,ISR
7,"IFSC Climbing Worldcup (L, S) - Xiamen (CHN) 2019",21,MEN,2019-10-20 00:00:00,Alex KHAZANOV,28,ISR
8,IFSC Climbing World Championships - Hachioji (JPN) 2019,44,MEN,2019-08-21 00:00:00,Alex KHAZANOV,28,ISR
9,IFSC Climbing World Championships - Innsbruck (AUT) 2018,63,MEN,2018-09-16 00:00:00,Alex KHAZANOV,28,ISR
10,"IFSC Climbing Worldcup (L,S) - Chamonix (FRA) 2018",59,MEN,2018-07-13 00:00:00,Alex KHAZANOV,28,ISR
11,"IFSC Climbing Worldcup (L,S) - Arco (ITA) 2017",36,MEN,2017-08-26 00:00:00,Alex KHAZANOV,28,ISR
12,IFSC Climbing Worldcup (L) - Kranj (SLO) 2014,45,MEN,2014-11-16 00:00:00,Alex KHAZANOV,28,ISR
13,European Youth Cup (L) - Kranj (SLO) 2012,8,YOUTH A MALE,2012-11-25 00:00:00,Alex KHAZANOV,28,ISR
14,European Youth Cup (L)- Kranj (SLO) 2011,28,YOUTH A MALE,2011-11-27 00:00:00,Alex KHAZANOV,28,ISR
15,European Youth Cup (L) - Pau (FRA) 2011,21,YOUTH A MALE,2011-11-12 00:00:00,Alex KHAZANOV,28,ISR
16,IFSC World Youth Championship - Imst (AUT) - 2011,59,YOUTH A MALE,2011-08-28 00:00:00,Alex KHAZANOV,28,ISR
17,"European Youth Cup (L,S) - Edinburgh (GBR) 2011",17,YOUTH A MALE,2011-05-22 00:00:00,Alex KHAZANOV,28,ISR
18,European Youth Series - Kranj (SLO) 2010,32,YOUTH B MALE,2010-11-21 00:00:00,Alex KHAZANOV,28,ISR
19,European Youth Series - Veliko Tarnovo (BUL) 2010,20,YOUTH B MALE,2010-10-03 00:00:00,Alex KHAZANOV,28,ISR
20,IFSC World Youth Championship - Edinburgh (GBR) - 2010,54,YOUTH B MALE,2010-09-12 00:00:00,Alex KHAZANOV,28,ISR
21,IFSC European Youth Series - Kranj (SLO) 2009,31,YOUTH B MALE,2009-11-22 00:00:00,Alex KHAZANOV,28,ISR
22,IFSC World Youth Championships - Valence (FRA) 2009,56,YOUTH B MALE,2009-08-30 00:00:00,Alex KHAZANOV,28,ISR
23,European Youth Series - Imst (AUT) 2009,34,YOUTH B MALE,2009-05-24 00:00:00,Alex KHAZANOV,28,ISR
