,event,rank,para_class,date,name,age,country
0,IFSC Climbing Worldcup (L) - Inzai (JPN) 2019,47,MEN,2019-10-27 00:00:00,Alfian MUHAMMAD FAJRI,26,INA
1,"IFSC Climbing Worldcup (L, S) - Xiamen (CHN) 2019",52,MEN,2019-10-20 00:00:00,Alfian MUHAMMAD FAJRI,26,INA
2,"IFSC Climbing Worldcup (L, S) - Chamonix (FRA) 2019",107,MEN,2019-07-13 00:00:00,Alfian MUHAMMAD FAJRI,26,INA
3,"IFSC Climbing Worldcup (L, S) - Villars (SUI) 2019",90,MEN,2019-07-06 00:00:00,Alfian MUHAMMAD FAJRI,26,INA
4,International Climbing Series - China Open - Guangzhou (CHN) 2018,18,MEN,2018-11-18 00:00:00,Alfian MUHAMMAD FAJRI,26,INA
5,Asian Championships - Kurayoshi (JPN) 2018,31,MEN,2018-11-11 00:00:00,Alfian MUHAMMAD FAJRI,26,INA
6,"IFSC Climbing Worldcup (L,S) - Wujiang (CHN) 2018",26,MEN,2018-10-21 00:00:00,Alfian MUHAMMAD FAJRI,26,INA
7,IFSC World Youth Championship - Singapore (SIN) - 2012,45,YOUTH B MALE,2012-09-01 00:00:00,Alfian MUHAMMAD FAJRI,26,INA
8,Asian Youth Championship - Singapore (SGP) 2011,8,YOUTH B MALE,2011-07-30 00:00:00,Alfian MUHAMMAD FAJRI,26,INA
