,event,rank,para_class,date,name,age,country
0,"European Championship (L,S) - Edinburgh (GBR) 2019",25,MEN,2019-10-06 00:00:00,Alfons DORNAUER,29,AUT
1,IFSC Climbing Worldcup (L) - Kranj (SLO) 2019,36,MEN,2019-09-29 00:00:00,Alfons DORNAUER,29,AUT
2,IFSC Climbing Worldcup (L) - Imst (AUT) 2016,34,MEN,2016-08-20 00:00:00,Alfons DORNAUER,29,AUT
3,IFSC Climbing Worldcup (L) - Imst (AUT) 2015,37,MEN,2015-08-01 00:00:00,Alfons DORNAUER,29,AUT
4,IFSC Climbing Worldcup (L) - Imst (AUT) 2014,24,MEN,2014-08-02 00:00:00,Alfons DORNAUER,29,AUT
