,event,rank,para_class,date,name,age,country
0,IFSC Europe - Continental Youth Cup (L) - St. Pierre en Faucigny (FRA) 2023,32,YOUTH A MALE,2023-06-25 00:00:00,Alfred KIRKEBØ,17,NOR
1,"IFSC Europe - Continental Youth Championship (L,S) - Augsburg (GER) 2022",26,YOUTH A MALE,2022-07-10 00:00:00,Alfred KIRKEBØ,17,NOR
2,IFSC Europe - Continental Youth Cup (L) - Dornbirn (AUT) 2022,27,YOUTH A MALE,2022-07-03 00:00:00,Alfred KIRKEBØ,17,NOR
3,"IFSC Europe - Continental Youth Cup (L,S) - Zilina (SVK) 2021",21,YOUTH B MALE,2021-07-31 00:00:00,Alfred KIRKEBØ,17,NOR
4,"IFSC Europe - Continental Youth Cup (L,S) - Imst (AUT) 2021",32,YOUTH B MALE,2021-06-13 00:00:00,Alfred KIRKEBØ,17,NOR
