,event,rank,para_class,date,name,age,country
0,IFSC Youth World Championships - Innsbruck (AUT) - 2017,75,JUNIORS MALE,2017-09-10 00:00:00,Alimzhan MYRZABEKOV,25,KAZ
1,Asian Youth Championships - Singapore (SGP) 2017,19,JUNIORS MALE,2017-07-09 00:00:00,Alimzhan MYRZABEKOV,25,KAZ
2,IFSC World Youth Championships - Guangzhou (CHN) - 2016,57,JUNIORS MALE,2016-11-13 00:00:00,Alimzhan MYRZABEKOV,25,KAZ
3,Asian Youth Championship - Tehran (IRI) 2016,15,JUNIORS MALE,2016-09-30 00:00:00,Alimzhan MYRZABEKOV,25,KAZ
4,Asian Youth Championship - Putrajaya (MAS) 2015,21,YOUTH A MALE,2015-12-06 00:00:00,Alimzhan MYRZABEKOV,25,KAZ
5,IFSC World Youth Championships - Arco (ITA) - 2015,80,YOUTH A MALE,2015-09-06 00:00:00,Alimzhan MYRZABEKOV,25,KAZ
6,Asian Youth Championship - Surabaya (INA) 2013,17,YOUTH B MALE,2013-12-14 00:00:00,Alimzhan MYRZABEKOV,25,KAZ
