,event,rank,para_class,date,name,age,country
0,"European Youth Championships (L,S) - Perm (RUS) 2017",6,JUNIORS FEMALE,2017-10-01 00:00:00,Alina RING,25,SUI
1,IFSC Youth World Championships - Innsbruck (AUT) - 2017,9,JUNIORS FEMALE,2017-09-10 00:00:00,Alina RING,25,SUI
2,European Youth Cup (L) - Mitterdorf (AUT) 2017,2,JUNIORS FEMALE,2017-08-13 00:00:00,Alina RING,25,SUI
3,IFSC Climbing Worldcup (L) - Briançon (FRA) 2017,25,WOMEN,2017-07-29 00:00:00,Alina RING,25,SUI
4,"IFSC Climbing Worldcup (L,S) - Villars (SUI) 2017",14,WOMEN,2017-07-08 00:00:00,Alina RING,25,SUI
5,"European Championship (L,S) - Campitello di Fassa (ITA) 2017",17,WOMEN,2017-07-01 00:00:00,Alina RING,25,SUI
6,European Youth Cup (L) - Uster (SUI) 2017,2,JUNIORS FEMALE,2017-06-25 00:00:00,Alina RING,25,SUI
7,European Youth Cup (L) - Dornbirn (AUT) 2017,3,JUNIORS FEMALE,2017-06-11 00:00:00,Alina RING,25,SUI
8,European Youth Cup (L) - Imst (AUT) 2017,3,JUNIORS FEMALE,2017-05-28 00:00:00,Alina RING,25,SUI
9,IFSC World Youth Championships - Guangzhou (CHN) - 2016,7,JUNIORS FEMALE,2016-11-13 00:00:00,Alina RING,25,SUI
10,IFSC Climbing World Championships - Paris (FRA) 2016,9,WOMEN,2016-09-18 00:00:00,Alina RING,25,SUI
11,"European Youth Championships (L,S) - Mitterdorf (AUT) 2016",2,JUNIORS FEMALE,2016-09-04 00:00:00,Alina RING,25,SUI
12,IFSC Climbing Worldcup (L) - Imst (AUT) 2016,20,WOMEN,2016-08-20 00:00:00,Alina RING,25,SUI
13,IFSC Climbing Worldcup (L) - Briançon (FRA) 2016,22,WOMEN,2016-07-23 00:00:00,Alina RING,25,SUI
14,"IFSC Climbing Worldcup (L, S) - Villars (SUI) 2016",23,WOMEN,2016-07-16 00:00:00,Alina RING,25,SUI
15,European Youth Cup (L) - Imst (AUT) 2016,4,JUNIORS FEMALE,2016-05-29 00:00:00,Alina RING,25,SUI
16,IFSC Climbing Worldcup (L) - Puurs (BEL) 2015,23,WOMEN,2015-09-27 00:00:00,Alina RING,25,SUI
17,IFSC World Youth Championships - Arco (ITA) - 2015,11,YOUTH A FEMALE,2015-09-06 00:00:00,Alina RING,25,SUI
18,IFSC Climbing Worldcup (L) - Stavanger (NOR) 2015,23,WOMEN,2015-08-22 00:00:00,Alina RING,25,SUI
19,European Youth Cup (L) - Mitterdorf (AUT) 2015,10,YOUTH A FEMALE,2015-08-09 00:00:00,Alina RING,25,SUI
20,"European Youth Championship (L, S) - Edinburgh (GBR) 2015",2,YOUTH A FEMALE,2015-06-14 00:00:00,Alina RING,25,SUI
21,IFSC Climbing Worldcup (L) - Kranj (SLO) 2014,34,WOMEN,2014-11-16 00:00:00,Alina RING,25,SUI
22,"IFSC World Youth Championship - Noumea, New Caledonia (FRA) - 2014",2,YOUTH A FEMALE,2014-09-23 00:00:00,Alina RING,25,SUI
23,"Intl. Event (L, B) - ROCKMASTER - Arco (ITA) 2014",11,WOMEN,2014-08-31 00:00:00,Alina RING,25,SUI
24,"Intl. Event Open for Rockmaster (L, B) - Arco (ITA) 2014",6,WOMEN,2014-08-29 00:00:00,Alina RING,25,SUI
25,IFSC Climbing Worldcup (L) - Imst (AUT) 2014,35,WOMEN,2014-08-02 00:00:00,Alina RING,25,SUI
26,"IFSC Climbing Worldcup (L,S) - Chamonix (FRA) 2014",24,WOMEN,2014-07-12 00:00:00,Alina RING,25,SUI
27,"European Youth Championship (L,S) - Edinburgh 2014",1,YOUTH A FEMALE,2014-06-15 00:00:00,Alina RING,25,SUI
28,European Youth Cup (L) - Stavanger (NOR) 2013,1,YOUTH B FEMALE,2013-09-08 00:00:00,Alina RING,25,SUI
29,IFSC World Youth Championship - Central Saanich (CAN) - 2013,10,YOUTH B FEMALE,2013-08-19 00:00:00,Alina RING,25,SUI
30,"European Youth Championship (L,S) - Imst (AUT) 2013",13,YOUTH B FEMALE,2013-07-28 00:00:00,Alina RING,25,SUI
31,"European Youth Cup (L, S) - Edinburgh (GBR) 2013",8,YOUTH B FEMALE,2013-06-09 00:00:00,Alina RING,25,SUI
32,Rheintal Cup - Megusta Cup Chur 2012,1,YOUTH B FEMALE,2012-09-22 00:00:00,Alina RING,25,SUI
33,Rheintal Cup - Megusta Cup Chur (S) 2012,2,YOUTH B FEMALE,2012-09-22 00:00:00,Alina RING,25,SUI
34,European Youth Cup (L) - Imst (AUT) 2012,14,YOUTH B FEMALE,2012-08-05 00:00:00,Alina RING,25,SUI
35,Rheintal Cup - Bouldertag Küblis (B) 2012,2,YOUTH B FEMALE,2012-04-15 00:00:00,Alina RING,25,SUI
36,Rheintal Cup - Junior Cup Dornbirn (L) 2012,1,YOUTH B FEMALE,2012-03-24 00:00:00,Alina RING,25,SUI
