,event,rank,para_class,date,name,age,country
0,IFSC European Youth Series (L+S) - Kaliningrad (RUS),13,JUNIORS FEMALE,2009-10-18 00:00:00,Alina GAIDAMAKINA,33,RUS
1,IFSC European Youth Series (L+S) - Munich (GER),15,JUNIORS FEMALE,2009-09-13 00:00:00,Alina GAIDAMAKINA,33,RUS
2,IFSC World Youth Championships - Valence (FRA) 2009,16,JUNIORS FEMALE,2009-08-30 00:00:00,Alina GAIDAMAKINA,33,RUS
3,IFSC European Youth Series (L+S) - Wuppertal (GER) 2008,13,JUNIORS FEMALE,2008-06-22 00:00:00,Alina GAIDAMAKINA,33,RUS
4,IFSC Climbing World Youth Championship - Ibarra (ECU) 2007,25,YOUTH A FEMALE,2007-08-26 00:00:00,Alina GAIDAMAKINA,33,RUS
5,European Youth Series - Imst (AUT) 2007,27,YOUTH A FEMALE,2007-05-20 00:00:00,Alina GAIDAMAKINA,33,RUS
6,European Youth Cup - Kranj (SLO) 2006,22,YOUTH A FEMALE,2006-11-26 00:00:00,Alina GAIDAMAKINA,33,RUS
7,UIAA World Youth Championship - Bejing (CHN) 2005,25,YOUTH B FEMALE,2005-08-25 00:00:00,Alina GAIDAMAKINA,33,RUS
