,event,rank,para_class,date,name,age,country
0,IFSC Climbing World Championships - Paris (FRA) 2016,57,WOMEN,2016-09-18 00:00:00,Alison STEWART-PATTERSON,29,CAN
1,"IFSC Climbing Worldcup (L, S) - Arco (ITA) 2016",52,WOMEN,2016-08-27 00:00:00,Alison STEWART-PATTERSON,29,CAN
2,IFSC Climbing Worldcup (L) - Imst (AUT) 2016,53,WOMEN,2016-08-20 00:00:00,Alison STEWART-PATTERSON,29,CAN
3,"IFSC Climbing Worldcup (L,S) - Chamonix (FRA) 2015",54,WOMEN,2015-07-12 00:00:00,Alison STEWART-PATTERSON,29,CAN
4,IFSC World Youth Championship - Central Saanich (CAN) - 2013,29,JUNIORS FEMALE,2013-08-19 00:00:00,Alison STEWART-PATTERSON,29,CAN
5,"PanAmerican Youth Championship (L,S, B) - Santiago (CHI) 2012",4,JUNIORS FEMALE,2012-11-25 00:00:00,Alison STEWART-PATTERSON,29,CAN
6,IFSC World Youth Championship - Singapore (SIN) - 2012,29,JUNIORS FEMALE,2012-09-01 00:00:00,Alison STEWART-PATTERSON,29,CAN
7,IFSC Climbing Worldcup (L) - Briançon (FRA) 2012,54,WOMEN,2012-07-21 00:00:00,Alison STEWART-PATTERSON,29,CAN
8,IFSC Climbing Worldcup (L) - Boulder (USA) 2011,27,WOMEN,2011-10-09 00:00:00,Alison STEWART-PATTERSON,29,CAN
9,IFSC World Youth Championship - Imst (AUT) - 2011,49,YOUTH A FEMALE,2011-08-28 00:00:00,Alison STEWART-PATTERSON,29,CAN
10,IFSC World Youth Championship - Edinburgh (GBR) - 2010,45,YOUTH A FEMALE,2010-09-12 00:00:00,Alison STEWART-PATTERSON,29,CAN
11,IFSC World Youth Championships - Valence (FRA) 2009,43,YOUTH B FEMALE,2009-08-30 00:00:00,Alison STEWART-PATTERSON,29,CAN
12,North American Championships - Montreal (CAN) 2008,15,YOUTH B FEMALE,2008-12-07 00:00:00,Alison STEWART-PATTERSON,29,CAN
13,IFSC Climbing World Youth Championship - Sydney (AUS) 2008,17,YOUTH B FEMALE,2008-08-31 00:00:00,Alison STEWART-PATTERSON,29,CAN
