,event,rank,para_class,date,name,age,country
0,"IFSC Pan Am - Continental Championships (B,S,L) - Ibarra (ECU) 2021",17,WOMEN,2021-12-06 00:00:00,Alisson VIZUETE,22,ECU
1,"PanAmerican Youth Championship (L, S, B) - Montreal (CAN) 2017",18,YOUTH A FEMALE,2017-11-05 00:00:00,Alisson VIZUETE,22,ECU
2,IFSC Youth World Championships - Innsbruck (AUT) - 2017,77,YOUTH A FEMALE,2017-09-10 00:00:00,Alisson VIZUETE,22,ECU
3,"IFSC Climbing Worldcup (L,S) - Arco (ITA) 2017",66,WOMEN,2017-08-26 00:00:00,Alisson VIZUETE,22,ECU
4,IFSC World Youth Championships - Guangzhou (CHN) - 2016,44,YOUTH B FEMALE,2016-11-13 00:00:00,Alisson VIZUETE,22,ECU
5,IFSC World Youth Championships - Arco (ITA) - 2015,37,YOUTH B FEMALE,2015-09-06 00:00:00,Alisson VIZUETE,22,ECU
