,event,rank,para_class,date,name,age,country
0,IFSC World Youth Championships - Guangzhou (CHN) - 2016,41,JUNIORS MALE,2016-11-13 00:00:00,Alistair EARLEY,26,AUS
1,IFSC Climbing World Championships - Paris (FRA) 2016,85,MEN,2016-09-18 00:00:00,Alistair EARLEY,26,AUS
2,"IFSC Climbing Worldcup (L, S) - Arco (ITA) 2016",70,MEN,2016-08-27 00:00:00,Alistair EARLEY,26,AUS
3,IFSC Climbing Worldcup (L) - Imst (AUT) 2016,46,MEN,2016-08-20 00:00:00,Alistair EARLEY,26,AUS
4,Oceania Continental Championship - Sidney (AUS) 2016,2,JUNIORS MALE,2016-06-19 00:00:00,Alistair EARLEY,26,AUS
5,Oceania Continental Championship - Sidney (AUS) 2016,3,MEN,2016-06-19 00:00:00,Alistair EARLEY,26,AUS
