,event,rank,para_class,date,name,age,country
0,IFSC European Cup Žilina 2023,4,MEN,2023-07-22 00:00:00,Alistair DUVAL,22,FRA
1,IFSC - Climbing World Cup (L) - Briançon (FRA) 2022,62,MEN,2022-07-23 00:00:00,Alistair DUVAL,22,FRA
2,"IFSC Europe - Continental Cup (L,S) - Žilina (SVK) 2022",21,MEN,2022-07-17 00:00:00,Alistair DUVAL,22,FRA
3,"IFSC - Climbing World Cup (L,S) - Chamonix (FRA) 2022",75,MEN,2022-07-10 00:00:00,Alistair DUVAL,22,FRA
4,IFSC - Climbing World Cup (L) - Briançon (FRA) 2021,29,MEN,2021-07-18 00:00:00,Alistair DUVAL,22,FRA
5,IFSC - Climbing World Cup (L) - Chamonix (FRA) 2021,52,MEN,2021-07-13 00:00:00,Alistair DUVAL,22,FRA
6,IFSC Europe - Continental Youth Cup (L) - Augsburg (GER) 2020,7,JUNIORS MALE,2020-09-18 00:00:00,Alistair DUVAL,22,FRA
7,IFSC - Climbing World Cup (L) - Briançon (FRA) 2020,16,MEN,2020-08-22 00:00:00,Alistair DUVAL,22,FRA
8,"European Youth Championships (L,S) - Voronezh (RUS) 2019",3,JUNIORS MALE,2019-10-20 00:00:00,Alistair DUVAL,22,FRA
9,"European Championship (L,S) - Edinburgh (GBR) 2019",19,MEN,2019-10-06 00:00:00,Alistair DUVAL,22,FRA
10,IFSC Climbing Worldcup (L) - Kranj (SLO) 2019,57,MEN,2019-09-29 00:00:00,Alistair DUVAL,22,FRA
11,IFSC Youth World Championships - Arco (ITA) 2019,3,JUNIORS MALE,2019-08-31 00:00:00,Alistair DUVAL,22,FRA
12,"European Youth Cup (S,L) - Imst (AUT) 2019",4,JUNIORS MALE,2019-08-04 00:00:00,Alistair DUVAL,22,FRA
13,IFSC Climbing Worldcup (L) - Briançon (FRA) 2019,38,MEN,2019-07-20 00:00:00,Alistair DUVAL,22,FRA
14,"IFSC Climbing Worldcup (L, S) - Chamonix (FRA) 2019",9,MEN,2019-07-13 00:00:00,Alistair DUVAL,22,FRA
15,European Youth Cup (L) - St. Pierre Faucigny (FRA) 2019,9,JUNIORS MALE,2019-06-30 00:00:00,Alistair DUVAL,22,FRA
16,European Youth Cup (L) - Ostermundigen (SUI) 2019,1,JUNIORS MALE,2019-06-23 00:00:00,Alistair DUVAL,22,FRA
17,IFSC Youth World Championships - Moscow (RUS) 2018,4,YOUTH A MALE,2018-08-16 00:00:00,Alistair DUVAL,22,FRA
18,IFSC Climbing Worldcup (L) - Briançon (FRA) 2018,72,MEN,2018-07-21 00:00:00,Alistair DUVAL,22,FRA
19,"IFSC Climbing Worldcup (L,S) - Chamonix (FRA) 2018",69,MEN,2018-07-13 00:00:00,Alistair DUVAL,22,FRA
20,European Youth Cup (L) - Munich (GER) 2018,12,YOUTH A MALE,2018-07-08 00:00:00,Alistair DUVAL,22,FRA
21,European Youth Cup (L) - Uster (SUI) 2018,19,YOUTH A MALE,2018-07-01 00:00:00,Alistair DUVAL,22,FRA
22,European Youth Cup (L) - Bruneck (ITA) 2018,2,YOUTH A MALE,2018-06-17 00:00:00,Alistair DUVAL,22,FRA
23,"European Youth Cup (L,S) - Voiron (FRA) 2018",13,YOUTH A MALE,2018-04-08 00:00:00,Alistair DUVAL,22,FRA
