,event,rank,para_class,date,name,age,country
0,IFSC Youth World Championships - Arco (ITA) 2019,47,YOUTH A MALE,2019-08-31 00:00:00,Alistair STUBBS,21,RSA
1,IFSC Youth World Championships - Moscow (RUS) 2018,49,YOUTH A MALE,2018-08-16 00:00:00,Alistair STUBBS,21,RSA
2,IFSC Youth World Championships - Innsbruck (AUT) - 2017,43,YOUTH B MALE,2017-09-10 00:00:00,Alistair STUBBS,21,RSA
3,IFSC World Youth Championships - Guangzhou (CHN) - 2016,43,YOUTH B MALE,2016-11-13 00:00:00,Alistair STUBBS,21,RSA
