,event,rank,para_class,date,name,age,country
0,IFSC Climbing Worldcup (L) - Kranj (SLO) 2015,16,WOMEN,2015-11-15 00:00:00,Alizée DUFRAISSE,36,FRA
1,IFSC Climbing Worldcup (L) - Puurs (BEL) 2015,16,WOMEN,2015-09-27 00:00:00,Alizée DUFRAISSE,36,FRA
2,IFSC Climbing Worldcup (L) - Stavanger (NOR) 2015,17,WOMEN,2015-08-22 00:00:00,Alizée DUFRAISSE,36,FRA
3,IFSC Climbing Worldcup (L) - Imst (AUT) 2015,28,WOMEN,2015-08-01 00:00:00,Alizée DUFRAISSE,36,FRA
4,IFSC Climbing Worldcup (L) - Briançon (FRA) 2015,13,WOMEN,2015-07-18 00:00:00,Alizée DUFRAISSE,36,FRA
5,"European Championship (L,S) - Chamonix (FRA) 2015",18,WOMEN,2015-07-12 00:00:00,Alizée DUFRAISSE,36,FRA
6,"IFSC Climbing Worldcup (L,S) - Chamonix (FRA) 2015",24,WOMEN,2015-07-12 00:00:00,Alizée DUFRAISSE,36,FRA
7,IFSC Climbing Worldcup (L) - Kranj (SLO) 2014,11,WOMEN,2014-11-16 00:00:00,Alizée DUFRAISSE,36,FRA
8,IFSC Climbing Worldcup (L) - Briançon (FRA) 2014,26,WOMEN,2014-07-20 00:00:00,Alizée DUFRAISSE,36,FRA
9,"IFSC Climbing Worldcup (L, B, S) - Haiyang (CHN) 2014",13,WOMEN,2014-06-22 00:00:00,Alizée DUFRAISSE,36,FRA
10,"Intl. Event Open for Rockmaster (L, B) - Arco (ITA) 2013",8,WOMEN,2013-09-06 00:00:00,Alizée DUFRAISSE,36,FRA
11,"Intl. Event (L, B) - ROCKMASTER - Arco (ITA) 2012",8,WOMEN,2012-09-02 00:00:00,Alizée DUFRAISSE,36,FRA
12,"Intl. Event Open for Rockmaster (L, B) - Arco (ITA) 2012",1,WOMEN,2012-08-31 00:00:00,Alizée DUFRAISSE,36,FRA
13,IFSC Climbing Worldcup (L) - Briançon (FRA) 2012,13,WOMEN,2012-07-21 00:00:00,Alizée DUFRAISSE,36,FRA
14,"IFSC Climbing Worldcup (L,S) - Chamonix (FRA) 2012",25,WOMEN,2012-07-13 00:00:00,Alizée DUFRAISSE,36,FRA
15,IFSC Climbing Worldcup (L) - Barcelona (ESP) 2011,10,WOMEN,2011-11-27 00:00:00,Alizée DUFRAISSE,36,FRA
16,IFSC Climbing Worldcup (L) - Kranj (SLO) 2011,16,WOMEN,2011-11-20 00:00:00,Alizée DUFRAISSE,36,FRA
17,IFSC Climbing Worldcup (L) - Valence (FRA) 2011,9,WOMEN,2011-10-29 00:00:00,Alizée DUFRAISSE,36,FRA
18,IFSC Climbing Worldcup (L) - Puurs (BEL) 2011,18,WOMEN,2011-10-01 00:00:00,Alizée DUFRAISSE,36,FRA
19,IFSC Climbing Worldcup (L) - Briançon (FRA) 2011,20,WOMEN,2011-07-30 00:00:00,Alizée DUFRAISSE,36,FRA
20,IFSC Climbing World Championships - Arco (ITA) 2011,35,WOMEN,2011-07-24 00:00:00,Alizée DUFRAISSE,36,FRA
21,"IFSC Climbing Worldcup (L,S) - Chamonix (FRA) 2011",23,WOMEN,2011-07-13 00:00:00,Alizée DUFRAISSE,36,FRA
22,IFSC Climbing Worldcup (L) - Kranj (SLO) 2010,18,WOMEN,2010-11-14 00:00:00,Alizée DUFRAISSE,36,FRA
23,IFSC Climbing Worldcup (L) - Puurs (BEL) 2010,5,WOMEN,2010-09-25 00:00:00,Alizée DUFRAISSE,36,FRA
24,European Championship - Imst/Innsbruck (AUT) 2010,3,WOMEN,2010-09-18 00:00:00,Alizée DUFRAISSE,36,FRA
25,"IFSC Climbing Worldcup (L,S) - Chuncheon (KOR) 2010",14,WOMEN,2010-08-30 00:00:00,Alizée DUFRAISSE,36,FRA
26,"IFSC Climbing Worldcup (L, S) - Xining (CHN) 2010",12,WOMEN,2010-08-21 00:00:00,Alizée DUFRAISSE,36,FRA
27,"Lead International Event, Open International - Briancon (FRA) 2010",17,WOMEN,2010-07-31 00:00:00,Alizée DUFRAISSE,36,FRA
28,Rock Master - World Championship Pre-event - Arco (ITA),6,WOMEN,2010-07-18 00:00:00,Alizée DUFRAISSE,36,FRA
29,Rockmaster ARCO 2010 - Duel Lead,4,WOMEN,2010-07-18 00:00:00,Alizée DUFRAISSE,36,FRA
30,"IFSC Climbing Worldcup (L,S) - Chamonix (FRA) 2010",8,WOMEN,2010-07-13 00:00:00,Alizée DUFRAISSE,36,FRA
31,IFSC Climbing Worldcup (L) - Kranj (SLO) 2009,13,WOMEN,2009-11-15 00:00:00,Alizée DUFRAISSE,36,FRA
32,IFSC Climbing Worldcup (L) - Brno (CZE) 2009,14,WOMEN,2009-11-07 00:00:00,Alizée DUFRAISSE,36,FRA
33,IFSC Climbing Worldcup (L) - Imst (AUT) 2009,3,WOMEN,2009-08-22 00:00:00,Alizée DUFRAISSE,36,FRA
34,IFSC Climbing Worldcup (L) - Barcelona (ESP) 2009,6,WOMEN,2009-08-09 00:00:00,Alizée DUFRAISSE,36,FRA
35,"IFSC Climbing Worldcup (S, L) - Chamonix (FRA) 2009",16,WOMEN,2009-07-13 00:00:00,Alizée DUFRAISSE,36,FRA
36,UIAA World Youth Championship - Edinburgh (GBR) 2004,4,YOUTH A FEMALE,2004-09-12 00:00:00,Alizée DUFRAISSE,36,FRA
37,UIAA Worldcup - Chamonix (FRA) 2004,26,WOMEN,2004-07-12 00:00:00,Alizée DUFRAISSE,36,FRA
38,UIAA Worldcup - Valence (FRA) 2003,8,WOMEN,2003-10-31 00:00:00,Alizée DUFRAISSE,36,FRA
39,Youth Worldchampionship - Veliko Tarnovo (BUL) 2003,1,YOUTH A FEMALE,2003-09-21 00:00:00,Alizée DUFRAISSE,36,FRA
40,Int. Event - Serre Chevalier (FRA) 2003,14,WOMEN,2003-07-18 00:00:00,Alizée DUFRAISSE,36,FRA
