,event,rank,para_class,date,name,age,country
0,IFSC Climbing World Championships - Hachioji (JPN) 2019,48,WOMEN,2019-08-21 00:00:00,Allison VEST,28,CAN
1,IFSC Climbing Worldcup (L) - Briançon (FRA) 2019,65,WOMEN,2019-07-20 00:00:00,Allison VEST,28,CAN
2,"IFSC Climbing Worldcup (L, S) - Chamonix (FRA) 2019",62,WOMEN,2019-07-13 00:00:00,Allison VEST,28,CAN
3,"IFSC Climbing Worldcup (L,S) - Arco (ITA) 2018",46,WOMEN,2018-07-28 00:00:00,Allison VEST,28,CAN
4,"PanAmerican Youth Championship (L,S, B) - Santiago (CHI) 2012",5,YOUTH A FEMALE,2012-11-25 00:00:00,Allison VEST,28,CAN
5,IFSC World Youth Championship - Singapore (SIN) - 2012,31,YOUTH A FEMALE,2012-09-01 00:00:00,Allison VEST,28,CAN
