,event,rank,para_class,date,name,age,country
0,"IFSC Europe - Continental Championships (B,S,L,C) - Moscow (RUS) 2020",26,WOMEN,2020-11-29 00:00:00,Alma BESTVATER,27,GER
1,IFSC Climbing Worldcup (L) - Inzai (JPN) 2019,35,WOMEN,2019-10-27 00:00:00,Alma BESTVATER,27,GER
2,"IFSC Climbing Worldcup (L, S) - Xiamen (CHN) 2019",43,WOMEN,2019-10-20 00:00:00,Alma BESTVATER,27,GER
3,IFSC Climbing Worldcup (L) - Kranj (SLO) 2019,46,WOMEN,2019-09-29 00:00:00,Alma BESTVATER,27,GER
4,IFSC Climbing World Championships - Innsbruck (AUT) 2018,72,WOMEN,2018-09-16 00:00:00,Alma BESTVATER,27,GER
5,"IFSC Climbing Worldcup (L,S) - Villars (SUI) 2018",53,WOMEN,2018-07-07 00:00:00,Alma BESTVATER,27,GER
6,IFSC Climbing Worldcup (L) - Kranj (SLO) 2017,47,WOMEN,2017-11-12 00:00:00,Alma BESTVATER,27,GER
7,"IFSC Climbing Worldcup (L,S) - Edinburgh (GBR) 2017",24,WOMEN,2017-09-24 00:00:00,Alma BESTVATER,27,GER
