,event,rank,para_class,date,name,age,country
0,IFSC Europe - Youth Championship - Helsinki (FIN) 2023,9,YOUTH A MALE,2023-09-16 00:00:00,Alon PELEG LIEBLICH,17,ISR
1,"IFSC Europe - Continental Youth Championship (L,S) - Augsburg (GER) 2022",10,YOUTH A MALE,2022-07-10 00:00:00,Alon PELEG LIEBLICH,17,ISR
2,IFSC Europe - Continental Youth Cup (L) - Dornbirn (AUT) 2022,22,YOUTH A MALE,2022-07-03 00:00:00,Alon PELEG LIEBLICH,17,ISR
3,"IFSC Europe - Continental Youth Cup (L,S) - Zilina (SVK) 2021",11,YOUTH B MALE,2021-07-31 00:00:00,Alon PELEG LIEBLICH,17,ISR
