,event,rank,para_class,date,name,age,country
0,"PanAmerican Youth Championship (L,S, B) - Mexico City (MEX) 2014",3,JUNIORS FEMALE,2014-11-30 00:00:00,Alyssa WEBER,28,CAN
1,"IFSC World Youth Championship - Noumea, New Caledonia (FRA) - 2014",10,JUNIORS FEMALE,2014-09-23 00:00:00,Alyssa WEBER,28,CAN
2,IFSC World Youth Championship - Central Saanich (CAN) - 2013,14,JUNIORS FEMALE,2013-08-19 00:00:00,Alyssa WEBER,28,CAN
3,"PanAmerican Youth Championship (L,S, B) - Santiago (CHI) 2012",9,YOUTH A FEMALE,2012-11-25 00:00:00,Alyssa WEBER,28,CAN
4,IFSC World Youth Championship - Singapore (SIN) - 2012,28,YOUTH A FEMALE,2012-09-01 00:00:00,Alyssa WEBER,28,CAN
5,IFSC World Youth Championship - Imst (AUT) - 2011,44,YOUTH A FEMALE,2011-08-28 00:00:00,Alyssa WEBER,28,CAN
