,event,rank,para_class,date,name,age,country
0,IFSC World Cup Chamonix 2023,83,WOMEN,2023-07-09 00:00:00,Alyssa MEYER,21,RSA
1,IFSC World Cup Villars 2023,79,WOMEN,2023-07-02 00:00:00,Alyssa MEYER,21,RSA
2,IFSC - Climbing World Cup (L) - Briançon (FRA) 2022,72,WOMEN,2022-07-23 00:00:00,Alyssa MEYER,21,RSA
3,"IFSC - Climbing World Cup (L,S) - Chamonix (FRA) 2022",81,WOMEN,2022-07-10 00:00:00,Alyssa MEYER,21,RSA
4,IFSC World Youth Championships - Guangzhou (CHN) - 2016,51,YOUTH B FEMALE,2016-11-13 00:00:00,Alyssa MEYER,21,RSA
