,event,rank,para_class,date,name,age,country
0,"IFSC Europe - Continental Youth Cup (L,S) - Imst (AUT) 2023",36,YOUTH A MALE,2023-07-02 00:00:00,Amadej ZIGON,17,SLO
1,"IFSC Europe - Continental Youth Cup (L,S) - Zilina (SVK) 2021",6,YOUTH B MALE,2021-07-31 00:00:00,Amadej ZIGON,17,SLO
2,IFSC Europe - Continental Youth Cup (L) - Ostermundigen (SUI),26,YOUTH B MALE,2021-06-20 00:00:00,Amadej ZIGON,17,SLO
3,"IFSC Europe - Continental Youth Cup (L,S) - Imst (AUT) 2021",26,YOUTH B MALE,2021-06-13 00:00:00,Amadej ZIGON,17,SLO
