,event,rank,para_class,date,name,age,country
0,"IFSC Asia - Continental Youth Championships (B, S, L, B&amp;L) - Chongqing (CHN) 2023",7,JUNIORS MALE,2023-10-22 00:00:00,Aman VARMA,18,IND
1,IFSC World Cup Wujiang 2023,27,MEN,2023-09-24 00:00:00,Aman VARMA,18,IND
2,IFSC Youth World Championships Seoul 2023,40,JUNIORS MALE,2023-08-27 00:00:00,Aman VARMA,18,IND
3,"IFSC - Climbing Youth World Championships (B,L,S) - Voronezh (RUS) 2021",32,YOUTH A MALE,2021-08-31 00:00:00,Aman VARMA,18,IND
4,Asian Youth Championships - Bengaluru (IND) 2019,4,YOUTH B MALE,2019-12-15 00:00:00,Aman VARMA,18,IND
5,IFSC Youth World Championships - Arco (ITA) 2019,26,YOUTH B MALE,2019-08-31 00:00:00,Aman VARMA,18,IND
