,event,rank,para_class,date,name,age,country
0,IFSC Climbing Worldcup (L) - Briançon (FRA) 2019,75,WOMEN,2019-07-20 00:00:00,Amanda SPEED,30,NZL
1,"IFSC Climbing Worldcup (L, S) - Chamonix (FRA) 2019",98,WOMEN,2019-07-13 00:00:00,Amanda SPEED,30,NZL
2,"IFSC Climbing Worldcup (L, S) - Villars (SUI) 2019",83,WOMEN,2019-07-06 00:00:00,Amanda SPEED,30,NZL
3,IFSC World Youth Championship - Edinburgh (GBR) - 2010,35,YOUTH A FEMALE,2010-09-12 00:00:00,Amanda SPEED,30,NZL
4,"IFSC Climbing Worldcup (L,S) - Chuncheon (KOR) 2010",30,WOMEN,2010-08-30 00:00:00,Amanda SPEED,30,NZL
5,IFSC World Youth Championships - Valence (FRA) 2009,49,YOUTH A FEMALE,2009-08-30 00:00:00,Amanda SPEED,30,NZL
6,IFSC Climbing Worldcup (L) - Imst (AUT) 2009,37,WOMEN,2009-08-22 00:00:00,Amanda SPEED,30,NZL
