,event,rank,para_class,date,name,age,country
0,Asian Continental Championships - Tehran (IRI) 2017,18,MEN,2017-09-21 00:00:00,Amirhamzeh POURSHAFIE,36,IRI
1,22th Asian Continental Championship - Lombok (INA) 2014,11,MEN,2014-10-03 00:00:00,Amirhamzeh POURSHAFIE,36,IRI
2,"Asian Continental Championship - Tehran, (IRN) 2013",8,MEN,2013-05-24 00:00:00,Amirhamzeh POURSHAFIE,36,IRI
3,IFSC Climbing Worldcup (L) - Kranj (SLO) 2012,43,MEN,2012-11-18 00:00:00,Amirhamzeh POURSHAFIE,36,IRI
4,IFSC Climbing World Championships - Arco (ITA) 2011,77,MEN,2011-07-24 00:00:00,Amirhamzeh POURSHAFIE,36,IRI
5,Asian Continental Championship,24,MEN,2010-09-19 00:00:00,Amirhamzeh POURSHAFIE,36,IRI
