,event,rank,para_class,date,name,age,country
0,Asian Championships - Bogor (INA) 2019,39,MEN,2019-11-10 00:00:00,Amir MAIMURATOV,28,KAZ
1,Asian Youth Championship - Hamedan (IRI) 2012,12,YOUTH A MALE,2012-07-13 00:00:00,Amir MAIMURATOV,28,KAZ
2,Asian Youth Championship - Singapore (SGP) 2011,19,YOUTH A MALE,2011-07-30 00:00:00,Amir MAIMURATOV,28,KAZ
3,IFSC World Youth Championship - Edinburgh (GBR) - 2010,58,YOUTH B MALE,2010-09-12 00:00:00,Amir MAIMURATOV,28,KAZ
4,IFSC World Youth Championships - Valence (FRA) 2009,72,YOUTH B MALE,2009-08-30 00:00:00,Amir MAIMURATOV,28,KAZ
