,event,rank,para_class,date,name,age,country
0,Asian Continental Championships - Tehran (IRI) 2017,11,MEN,2017-09-21 00:00:00,Amri AMRI,42,INA
1,IFSC Climbing Worldcup (L) - Chamonix (FRA) 2017,82,MEN,2017-07-13 00:00:00,Amri AMRI,42,INA
2,"IFSC Climbing Worldcup (L,S) - Villars (SUI) 2017",69,MEN,2017-07-08 00:00:00,Amri AMRI,42,INA
3,22th Asian Continental Championship - Lombok (INA) 2014,8,MEN,2014-10-03 00:00:00,Amri AMRI,42,INA
4,"IFSC Climbing Worldcup (L,S) - Changzhi (CHN) 2011",17,MEN,2011-09-08 00:00:00,Amri AMRI,42,INA
5,"IFSC Climbing Worldcup (L,S) - Xining (CHN) 2011",23,MEN,2011-09-03 00:00:00,Amri AMRI,42,INA
6,IFSC Asian Championships - Guangzhou (CHN) 2007,18,MEN,2007-11-11 00:00:00,Amri AMRI,42,INA
7,Promo Event (L+S) Asia Cup - Changsha (CMA),11,MEN,2007-11-06 00:00:00,Amri AMRI,42,INA
8,Asian Indoor Games - Macau,15,MEN,2007-11-03 00:00:00,Amri AMRI,42,INA
9,UIAA Climbing Worldcup (L+S) - Kuala Lumpur (MAS) 2006,15,MEN,2006-08-13 00:00:00,Amri AMRI,42,INA
10,UIAA Climbing Worldcup (L+S) - Singapore (SIN) 2006,43,MEN,2006-08-06 00:00:00,Amri AMRI,42,INA
