,event,rank,para_class,date,name,age,country
0,IFSC Paraclimbing World Championships Bern 2023,8,WOMEN AU2,2023-08-10 00:00:00,Amruta WYSSMANN,31,SUI
1,IFSC Paraclimbing World Cup Villars 2023,6,WOMEN AU2,2023-06-24 00:00:00,Amruta WYSSMANN,31,SUI
2,IFSC Paraclimbing World Cup Innsbruck 2023,8,WOMEN AU2,2023-06-13 00:00:00,Amruta WYSSMANN,31,SUI
3,IFSC Paraclimbing World Cup Salt Lake City 2023,5,WOMEN AU2,2023-05-18 00:00:00,Amruta WYSSMANN,31,SUI
4,IFSC - Paraclimbing World Cup (L) - Villars (SUI) 2022,4,WOMEN AU2,2022-07-09 00:00:00,Amruta WYSSMANN,31,SUI
5,IFSC - Paraclimbing World Cup (L) - Innsbruck (AUT) 2022,5,WOMEN AU2,2022-06-22 00:00:00,Amruta WYSSMANN,31,SUI
6,IFSC - Paraclimbing World Cup (L) - Salt Lake City (USA) 2022,6,WOMEN AU2,2022-05-26 00:00:00,Amruta WYSSMANN,31,SUI
