,event,rank,para_class,date,name,age,country
0,"IFSC - Climbing Youth World Championships (B,L,S) - Voronezh (RUS) 2021",15,JUNIORS FEMALE,2021-08-31 00:00:00,Ana Belén ARGUDO MARUGAN,21,ESP
1,"IFSC Europe - Continental Youth Cup (L,S) - Puurs (BEL) 2021",9,JUNIORS FEMALE,2021-07-04 00:00:00,Ana Belén ARGUDO MARUGAN,21,ESP
2,IFSC - Climbing World Cup (L) - Briançon (FRA) 2020,34,WOMEN,2020-08-22 00:00:00,Ana Belén ARGUDO MARUGAN,21,ESP
3,"European Youth Championships (L,S) - Voronezh (RUS) 2019",18,YOUTH A FEMALE,2019-10-20 00:00:00,Ana Belén ARGUDO MARUGAN,21,ESP
4,IFSC Youth World Championships - Moscow (RUS) 2018,32,YOUTH A FEMALE,2018-08-16 00:00:00,Ana Belén ARGUDO MARUGAN,21,ESP
5,European Youth Cup (L) - Munich (GER) 2018,22,YOUTH A FEMALE,2018-07-08 00:00:00,Ana Belén ARGUDO MARUGAN,21,ESP
6,European Youth Cup (L) - Uster (SUI) 2018,30,YOUTH A FEMALE,2018-07-01 00:00:00,Ana Belén ARGUDO MARUGAN,21,ESP
7,European Youth Cup (L) - Bruneck (ITA) 2018,29,YOUTH A FEMALE,2018-06-17 00:00:00,Ana Belén ARGUDO MARUGAN,21,ESP
8,"European Youth Championship (L, S) - Imst 2018",26,YOUTH A FEMALE,2018-05-27 00:00:00,Ana Belén ARGUDO MARUGAN,21,ESP
9,"European Youth Cup (L,S) - Voiron (FRA) 2018",13,YOUTH A FEMALE,2018-04-08 00:00:00,Ana Belén ARGUDO MARUGAN,21,ESP
10,IFSC Youth World Championships - Innsbruck (AUT) - 2017,31,YOUTH B FEMALE,2017-09-10 00:00:00,Ana Belén ARGUDO MARUGAN,21,ESP
11,European Youth Cup (L) - Imst (AUT) 2017,39,YOUTH B FEMALE,2017-05-28 00:00:00,Ana Belén ARGUDO MARUGAN,21,ESP
12,European Youth Cup (L) - Imst (AUT) 2016,23,YOUTH B FEMALE,2016-05-29 00:00:00,Ana Belén ARGUDO MARUGAN,21,ESP
