,event,rank,para_class,date,name,age,country
0,"IFSC Europe - Continental Youth Championship (L,S) - Augsburg (GER) 2022",37,YOUTH B FEMALE,2022-07-10 00:00:00,Ana-maria PÎNZARU,15,ROU
1,IFSC Europe - Continental Youth Cup (L) - Dornbirn (AUT) 2022,31,YOUTH B FEMALE,2022-07-03 00:00:00,Ana-maria PÎNZARU,15,ROU
2,IFSC Europe - Continental Youth Cup (L) - Ostermundigen (SUI) 2022,38,YOUTH B FEMALE,2022-06-26 00:00:00,Ana-maria PÎNZARU,15,ROU
3,"IFSC Europe - Continental Youth Cup (L,S) - Imst (AUT) 2022",50,YOUTH B FEMALE,2022-05-29 00:00:00,Ana-maria PÎNZARU,15,ROU
