,event,rank,para_class,date,name,age,country
0,"European Championship (L,S) - Edinburgh (GBR) 2019",8,WOMEN,2019-10-06 00:00:00,Anak VERHOEVEN,27,BEL
1,IFSC Climbing Worldcup (L) - Kranj (SLO) 2019,4,WOMEN,2019-09-29 00:00:00,Anak VERHOEVEN,27,BEL
2,IFSC Climbing World Championships - Hachioji (JPN) 2019,10,WOMEN,2019-08-21 00:00:00,Anak VERHOEVEN,27,BEL
3,IFSC Climbing World Championships - Innsbruck (AUT) 2018,6,WOMEN,2018-09-16 00:00:00,Anak VERHOEVEN,27,BEL
4,"IFSC Climbing Worldcup (L,S) - Arco (ITA) 2018",3,WOMEN,2018-07-28 00:00:00,Anak VERHOEVEN,27,BEL
5,IFSC Climbing Worldcup (L) - Briançon (FRA) 2018,3,WOMEN,2018-07-21 00:00:00,Anak VERHOEVEN,27,BEL
6,"IFSC Climbing Worldcup (L,S) - Chamonix (FRA) 2018",6,WOMEN,2018-07-13 00:00:00,Anak VERHOEVEN,27,BEL
7,"IFSC Climbing Worldcup (L,S) - Villars (SUI) 2018",27,WOMEN,2018-07-07 00:00:00,Anak VERHOEVEN,27,BEL
8,IFSC Climbing Worldcup (L) - Kranj (SLO) 2017,8,WOMEN,2017-11-12 00:00:00,Anak VERHOEVEN,27,BEL
9,"IFSC Climbing Worldcup (L,S) - Xiamen (CHN) 2017",1,WOMEN,2017-10-15 00:00:00,Anak VERHOEVEN,27,BEL
10,"IFSC Climbing Worldcup (L,S) - Wujiang (CHN) 2017",8,WOMEN,2017-10-08 00:00:00,Anak VERHOEVEN,27,BEL
11,"IFSC Climbing Worldcup (L,S) - Edinburgh (GBR) 2017",6,WOMEN,2017-09-24 00:00:00,Anak VERHOEVEN,27,BEL
12,"IFSC Climbing Worldcup (L,S) - Arco (ITA) 2017",6,WOMEN,2017-08-26 00:00:00,Anak VERHOEVEN,27,BEL
13,IFSC Climbing Worldcup (L) - Briançon (FRA) 2017,2,WOMEN,2017-07-29 00:00:00,Anak VERHOEVEN,27,BEL
14,The World Games 2017 - Wroclaw (POL) 2017,1,WOMEN,2017-07-23 00:00:00,Anak VERHOEVEN,27,BEL
15,IFSC Climbing Worldcup (L) - Chamonix (FRA) 2017,3,WOMEN,2017-07-13 00:00:00,Anak VERHOEVEN,27,BEL
16,"IFSC Climbing Worldcup (L,S) - Villars (SUI) 2017",3,WOMEN,2017-07-08 00:00:00,Anak VERHOEVEN,27,BEL
17,"European Championship (L,S) - Campitello di Fassa (ITA) 2017",1,WOMEN,2017-07-01 00:00:00,Anak VERHOEVEN,27,BEL
18,IFSC Climbing Worldcup (L) - Kranj (SLO) 2016,1,WOMEN,2016-11-27 00:00:00,Anak VERHOEVEN,27,BEL
19,"IFSC Climbing Worldcup (L, S) - Xiamen (CHN) 2016",2,WOMEN,2016-10-23 00:00:00,Anak VERHOEVEN,27,BEL
20,IFSC Climbing World Championships - Paris (FRA) 2016,2,WOMEN,2016-09-18 00:00:00,Anak VERHOEVEN,27,BEL
21,"IFSC Climbing Worldcup (L, S) - Arco (ITA) 2016",1,WOMEN,2016-08-27 00:00:00,Anak VERHOEVEN,27,BEL
22,IFSC Climbing Worldcup (L) - Imst (AUT) 2016,4,WOMEN,2016-08-20 00:00:00,Anak VERHOEVEN,27,BEL
23,IFSC Climbing Worldcup (L) - Briançon (FRA) 2016,8,WOMEN,2016-07-23 00:00:00,Anak VERHOEVEN,27,BEL
24,"IFSC Climbing Worldcup (L, S) - Villars (SUI) 2016",2,WOMEN,2016-07-16 00:00:00,Anak VERHOEVEN,27,BEL
25,"IFSC Climbing Worldcup (L,S) -Chamonix (FRA) 2016",2,WOMEN,2016-07-12 00:00:00,Anak VERHOEVEN,27,BEL
26,IFSC Climbing Worldcup (L) - Kranj (SLO) 2015,5,WOMEN,2015-11-15 00:00:00,Anak VERHOEVEN,27,BEL
27,"IFSC Climbing Worldcup (L,S) - Wujiang (CHN) 2015",2,WOMEN,2015-10-18 00:00:00,Anak VERHOEVEN,27,BEL
28,IFSC Climbing Worldcup (L) - Puurs (BEL) 2015,3,WOMEN,2015-09-27 00:00:00,Anak VERHOEVEN,27,BEL
29,IFSC World Youth Championships - Arco (ITA) - 2015,1,JUNIORS FEMALE,2015-09-06 00:00:00,Anak VERHOEVEN,27,BEL
30,IFSC Climbing Worldcup (L) - Stavanger (NOR) 2015,3,WOMEN,2015-08-22 00:00:00,Anak VERHOEVEN,27,BEL
31,IFSC Climbing Worldcup (L) - Imst (AUT) 2015,8,WOMEN,2015-08-01 00:00:00,Anak VERHOEVEN,27,BEL
32,IFSC Climbing Worldcup (L) - Briançon (FRA) 2015,3,WOMEN,2015-07-18 00:00:00,Anak VERHOEVEN,27,BEL
33,"IFSC Climbing Worldcup (L,S) - Chamonix (FRA) 2015",4,WOMEN,2015-07-12 00:00:00,Anak VERHOEVEN,27,BEL
34,"European Championship (L,S) - Chamonix (FRA) 2015",4,WOMEN,2015-07-12 00:00:00,Anak VERHOEVEN,27,BEL
35,"European Youth Championship (L, S) - Edinburgh (GBR) 2015",2,JUNIORS FEMALE,2015-06-14 00:00:00,Anak VERHOEVEN,27,BEL
36,IFSC Climbing Worldcup (L) - Kranj (SLO) 2014,7,WOMEN,2014-11-16 00:00:00,Anak VERHOEVEN,27,BEL
37,IFSC Climbing Worldcup (L) - Inzai (JPN) 2014,6,WOMEN,2014-10-26 00:00:00,Anak VERHOEVEN,27,BEL
38,"IFSC Climbing Worldcup (L,S) - Wujiang (CHN) 2014",2,WOMEN,2014-10-19 00:00:00,Anak VERHOEVEN,27,BEL
39,"IFSC Climbing Worldcup (L,S) - Mokpo (KOR) 2014",2,WOMEN,2014-10-12 00:00:00,Anak VERHOEVEN,27,BEL
40,"IFSC Climbing World Championship (L, S) - Gijon (ESP) 2014",6,WOMEN,2014-09-14 00:00:00,Anak VERHOEVEN,27,BEL
41,IFSC Climbing Worldcup (L) - Imst (AUT) 2014,4,WOMEN,2014-08-02 00:00:00,Anak VERHOEVEN,27,BEL
42,IFSC Climbing Worldcup (L) - Briançon (FRA) 2014,3,WOMEN,2014-07-20 00:00:00,Anak VERHOEVEN,27,BEL
43,"IFSC Climbing Worldcup (L,S) - Chamonix (FRA) 2014",4,WOMEN,2014-07-12 00:00:00,Anak VERHOEVEN,27,BEL
44,"IFSC Climbing Worldcup (L, B, S) - Haiyang (CHN) 2014",3,WOMEN,2014-06-22 00:00:00,Anak VERHOEVEN,27,BEL
45,"European Youth Championship (L,S) - Edinburgh 2014",1,JUNIORS FEMALE,2014-06-15 00:00:00,Anak VERHOEVEN,27,BEL
46,European Youth Cup (L) - Imst (AUT) 2014,1,JUNIORS FEMALE,2014-06-01 00:00:00,Anak VERHOEVEN,27,BEL
47,IFSC Climbing Worldcup (L) - Kranj (SLO) 2013,7,WOMEN,2013-11-17 00:00:00,Anak VERHOEVEN,27,BEL
48,IFSC Climbing Worldcup (L) - Valence (FRA) 2013,5,WOMEN,2013-11-02 00:00:00,Anak VERHOEVEN,27,BEL
49,"IFSC Climbing Worldcup (L,S) - Mokpo (KOR) 2013",5,WOMEN,2013-10-12 00:00:00,Anak VERHOEVEN,27,BEL
50,IFSC Climbing Worldcup (L) - Puurs (BEL) 2013,6,WOMEN,2013-09-21 00:00:00,Anak VERHOEVEN,27,BEL
51,European Youth Cup (L) - Stavanger (NOR) 2013,1,YOUTH A FEMALE,2013-09-08 00:00:00,Anak VERHOEVEN,27,BEL
52,IFSC World Youth Championship - Central Saanich (CAN) - 2013,2,YOUTH A FEMALE,2013-08-19 00:00:00,Anak VERHOEVEN,27,BEL
53,"European Youth Championship (L,S) - Imst (AUT) 2013",2,YOUTH A FEMALE,2013-07-28 00:00:00,Anak VERHOEVEN,27,BEL
54,IFSC Climbing Worldcup (L) - Briançon (FRA) 2013,16,WOMEN,2013-07-20 00:00:00,Anak VERHOEVEN,27,BEL
55,"European Championship (L,S) - Chamonix (FRA) 2013",19,WOMEN,2013-07-13 00:00:00,Anak VERHOEVEN,27,BEL
56,"European Youth Cup (L, S) - Edinburgh (GBR) 2013",2,YOUTH A FEMALE,2013-06-09 00:00:00,Anak VERHOEVEN,27,BEL
57,European Youth Cup (L) - Kranj (SLO) 2012,2,YOUTH A FEMALE,2012-11-25 00:00:00,Anak VERHOEVEN,27,BEL
58,"European Youth Championship (L,S) - Gémozac (FRA) 2012",3,YOUTH A FEMALE,2012-11-04 00:00:00,Anak VERHOEVEN,27,BEL
59,IFSC Climbing Worldcup (L) - Puurs (BEL) 2012,15,WOMEN,2012-09-22 00:00:00,Anak VERHOEVEN,27,BEL
60,IFSC Climbing World Championship - Paris (FRA) 2012,22,WOMEN,2012-09-16 00:00:00,Anak VERHOEVEN,27,BEL
61,IFSC World Youth Championship - Singapore (SIN) - 2012,2,YOUTH A FEMALE,2012-09-01 00:00:00,Anak VERHOEVEN,27,BEL
62,European Youth Cup (L) - Imst (AUT) 2012,2,YOUTH A FEMALE,2012-08-05 00:00:00,Anak VERHOEVEN,27,BEL
63,"IFSC Climbing Worldcup (L,S) - Chamonix (FRA) 2012",24,WOMEN,2012-07-13 00:00:00,Anak VERHOEVEN,27,BEL
64,European Youth Cup (L) - Linz (AUT) 2012,4,YOUTH A FEMALE,2012-07-01 00:00:00,Anak VERHOEVEN,27,BEL
65,European Youth Cup (L) - Voiron (FRA) 2012,1,YOUTH A FEMALE,2012-06-09 00:00:00,Anak VERHOEVEN,27,BEL
66,"European Youth Cup (L,S) - Moscow (RUS) 2012",1,YOUTH A FEMALE,2012-05-27 00:00:00,Anak VERHOEVEN,27,BEL
67,"European Youth Cup (L,S) - Edinburgh (GBR) 2012",1,YOUTH A FEMALE,2012-05-20 00:00:00,Anak VERHOEVEN,27,BEL
68,European Youth Cup (L)- Kranj (SLO) 2011,1,YOUTH B FEMALE,2011-11-27 00:00:00,Anak VERHOEVEN,27,BEL
69,European Youth Cup (L) - Pau (FRA) 2011,1,YOUTH B FEMALE,2011-11-12 00:00:00,Anak VERHOEVEN,27,BEL
70,IFSC World Youth Championship - Imst (AUT) - 2011,4,YOUTH B FEMALE,2011-08-28 00:00:00,Anak VERHOEVEN,27,BEL
71,European Youth Cup (L) - Imst (AUT) 2011,1,YOUTH B FEMALE,2011-08-14 00:00:00,Anak VERHOEVEN,27,BEL
72,"European Youth Cup (L,S) - Veliko Tarnovo (BUL) 2011",1,YOUTH B FEMALE,2011-08-04 00:00:00,Anak VERHOEVEN,27,BEL
73,"European Youth Cup (L,S) - Edinburgh (GBR) 2011",1,YOUTH B FEMALE,2011-05-22 00:00:00,Anak VERHOEVEN,27,BEL
74,European Youth Series - Kranj (SLO) 2010,1,YOUTH B FEMALE,2010-11-21 00:00:00,Anak VERHOEVEN,27,BEL
75,European Youth Series - Annecy (France) 2010,1,YOUTH B FEMALE,2010-10-24 00:00:00,Anak VERHOEVEN,27,BEL
76,European Youth Series - Veliko Tarnovo (BUL) 2010,6,YOUTH B FEMALE,2010-10-03 00:00:00,Anak VERHOEVEN,27,BEL
77,IFSC World Youth Championship - Edinburgh (GBR) - 2010,2,YOUTH B FEMALE,2010-09-12 00:00:00,Anak VERHOEVEN,27,BEL
78,European Youth Series - Wien (AUT) 2010,3,YOUTH B FEMALE,2010-08-15 00:00:00,Anak VERHOEVEN,27,BEL
79,European Youth Series - Imst (AUT) 2010,2,YOUTH B FEMALE,2010-06-06 00:00:00,Anak VERHOEVEN,27,BEL
