,event,rank,para_class,date,name,age,country
0,IFSC World Championships Bern 2023,13,WOMEN,2023-08-12 00:00:00,Anastasia SANDERS,16,USA
1,IFSC World Cup Chamonix 2023,26,WOMEN,2023-07-09 00:00:00,Anastasia SANDERS,16,USA
2,IFSC World Cup Villars 2023,24,WOMEN,2023-07-02 00:00:00,Anastasia SANDERS,16,USA
3,IFSC World Cup Innsbruck 2023,22,WOMEN,2023-06-18 00:00:00,Anastasia SANDERS,16,USA
4,"IFSC - Climbing Youth World Championships (B,S,L) - Dallas (USA) 2022",17,YOUTH B FEMALE,2022-09-01 00:00:00,Anastasia SANDERS,16,USA
5,"IFSC - Climbing Youth World Championships (B,L,S) - Voronezh (RUS) 2021",1,YOUTH B FEMALE,2021-08-31 00:00:00,Anastasia SANDERS,16,USA
