,event,rank,para_class,date,name,age,country
0,IFSC Youth World Championships - Innsbruck (AUT) - 2017,81,YOUTH A FEMALE,2017-09-10 00:00:00,Anastasiia SALABASH,22,UKR
1,"European Youth Championships (L,S) - Mitterdorf (AUT) 2016",42,YOUTH B FEMALE,2016-09-04 00:00:00,Anastasiia SALABASH,22,UKR
2,IFSC World Youth Championships - Arco (ITA) - 2015,50,YOUTH B FEMALE,2015-09-06 00:00:00,Anastasiia SALABASH,22,UKR
3,"European Youth Championship (L, S) - Edinburgh (GBR) 2015",26,YOUTH B FEMALE,2015-06-14 00:00:00,Anastasiia SALABASH,22,UKR
4,European Youth Cup (L) - Dornbirn (AUT) 2015,37,YOUTH B FEMALE,2015-05-10 00:00:00,Anastasiia SALABASH,22,UKR
