,event,rank,para_class,date,name,age,country
0,IFSC Youth World Championships - Arco (ITA) 2019,47,JUNIORS FEMALE,2019-08-31 00:00:00,Anastasiia FISENKO,22,UKR
1,IFSC Youth World Championships - Innsbruck (AUT) - 2017,91,YOUTH A FEMALE,2017-09-10 00:00:00,Anastasiia FISENKO,22,UKR
2,"IFSC Climbing Worldcup (L,S) - Arco (ITA) 2017",70,WOMEN,2017-08-26 00:00:00,Anastasiia FISENKO,22,UKR
3,"European Youth Championships (L,S) - Mitterdorf (AUT) 2016",45,YOUTH B FEMALE,2016-09-04 00:00:00,Anastasiia FISENKO,22,UKR
4,IFSC World Youth Championships - Arco (ITA) - 2015,69,YOUTH B FEMALE,2015-09-06 00:00:00,Anastasiia FISENKO,22,UKR
