,event,rank,para_class,date,name,age,country
0,IFSC Europe - Youth Championship - Helsinki (FIN) 2023,8,YOUTH B FEMALE,2023-09-16 00:00:00,Anastasiia LUKASHYNA,15,UKR
1,"IFSC Europe - Continental Youth Cup (L,S) - Imst (AUT) 2023",11,YOUTH B FEMALE,2023-07-02 00:00:00,Anastasiia LUKASHYNA,15,UKR
2,IFSC Europe - Continental Youth Cup (L) - St. Pierre en Faucigny (FRA) 2023,4,YOUTH B FEMALE,2023-06-25 00:00:00,Anastasiia LUKASHYNA,15,UKR
3,IFSC Europe - Continental Youth Cup (L) - Niederwangen (SUI) 2023,10,YOUTH B FEMALE,2023-06-18 00:00:00,Anastasiia LUKASHYNA,15,UKR
