,event,rank,para_class,date,name,age,country
0,"European Youth Championships (L,S) - Voronezh (RUS) 2019",14,JUNIORS FEMALE,2019-10-20 00:00:00,Anastasiia EVGENEVA,22,RUS
1,IFSC Youth World Championships - Arco (ITA) 2019,30,JUNIORS FEMALE,2019-08-31 00:00:00,Anastasiia EVGENEVA,22,RUS
2,"European Youth Cup (S,L) - Imst (AUT) 2019",17,JUNIORS FEMALE,2019-08-04 00:00:00,Anastasiia EVGENEVA,22,RUS
3,"European Youth Championship (L, S) - Imst 2018",33,YOUTH A FEMALE,2018-05-27 00:00:00,Anastasiia EVGENEVA,22,RUS
4,IFSC Youth World Championships - Innsbruck (AUT) - 2017,53,YOUTH A FEMALE,2017-09-10 00:00:00,Anastasiia EVGENEVA,22,RUS
