,event,rank,para_class,date,name,age,country
0,IFSC Youth World Championships Seoul 2023,7,YOUTH A FEMALE,2023-08-27 00:00:00,Anastasiia KOBETS,17,UKR
1,IFSC World Championships Bern 2023,67,WOMEN,2023-08-12 00:00:00,Anastasiia KOBETS,17,UKR
2,IFSC European Cup Žilina 2023,19,WOMEN,2023-07-22 00:00:00,Anastasiia KOBETS,17,UKR
3,"IFSC Europe - Continental Youth Cup (L,S) - Imst (AUT) 2023",15,YOUTH A FEMALE,2023-07-02 00:00:00,Anastasiia KOBETS,17,UKR
4,"IFSC - Climbing Youth World Championships (B,S,L) - Dallas (USA) 2022",21,YOUTH A FEMALE,2022-09-01 00:00:00,Anastasiia KOBETS,17,UKR
5,"IFSC Europe - Continental Championships (B,S,L) - Munich (GER) 2022",37,WOMEN,2022-08-18 00:00:00,Anastasiia KOBETS,17,UKR
6,"IFSC Europe - Continental Youth Championship (L,S) - Augsburg (GER) 2022",4,YOUTH A FEMALE,2022-07-10 00:00:00,Anastasiia KOBETS,17,UKR
7,IFSC Europe - Continental Youth Cup (L) - Ostermundigen (SUI) 2022,15,YOUTH A FEMALE,2022-06-26 00:00:00,Anastasiia KOBETS,17,UKR
8,"IFSC Europe - Continental Cup (L,S) - Arco (ITA) 2022",30,WOMEN,2022-06-05 00:00:00,Anastasiia KOBETS,17,UKR
9,"IFSC Europe - Continental Youth Cup (L,S) - Imst (AUT) 2022",6,YOUTH A FEMALE,2022-05-29 00:00:00,Anastasiia KOBETS,17,UKR
10,"IFSC - Climbing Youth World Championships (B,L,S) - Voronezh (RUS) 2021",14,YOUTH B FEMALE,2021-08-31 00:00:00,Anastasiia KOBETS,17,UKR
11,"IFSC Europe - Continental Youth Cup (L,S) - Puurs (BEL) 2021",12,YOUTH B FEMALE,2021-07-04 00:00:00,Anastasiia KOBETS,17,UKR
12,"IFSC Europe - Continental Youth Cup (L,S) - Imst (AUT) 2021",9,YOUTH B FEMALE,2021-06-13 00:00:00,Anastasiia KOBETS,17,UKR
13,"IFSC Europe - Continental Youth Championships (B,S,L) - Perm (RUS)",15,YOUTH B FEMALE,2021-05-05 00:00:00,Anastasiia KOBETS,17,UKR
