,event,rank,para_class,date,name,age,country
0,IFSC European Cup Žilina 2023,41,WOMEN,2023-07-22 00:00:00,Anastasiia TARNOVETSKA,19,UKR
1,"IFSC Europe - Continental Youth Championship (L,S) - Augsburg (GER) 2022",24,JUNIORS FEMALE,2022-07-10 00:00:00,Anastasiia TARNOVETSKA,19,UKR
2,"FISU University Championships (B,S,L) - Innsbruck (AUT) 2022",25,WOMEN,2022-06-17 00:00:00,Anastasiia TARNOVETSKA,19,UKR
3,"IFSC Europe - Continental Youth Cup (L,S) - Imst (AUT) 2022",29,JUNIORS FEMALE,2022-05-29 00:00:00,Anastasiia TARNOVETSKA,19,UKR
4,"European Youth Cup (S,L) - Imst (AUT) 2019",51,YOUTH A FEMALE,2019-08-04 00:00:00,Anastasiia TARNOVETSKA,19,UKR
