,event,rank,para_class,date,name,age,country
0,IFSC World Youth Championships - Arco (ITA) - 2015,32,JUNIORS FEMALE,2015-09-06 00:00:00,Anastasiia GOLIKOVA,25,RUS
1,"IFSC Climbing Worldcup (L,S) - Chamonix (FRA) 2015",50,WOMEN,2015-07-12 00:00:00,Anastasiia GOLIKOVA,25,RUS
2,"European Youth Championship (L, S) - Edinburgh (GBR) 2015",18,JUNIORS FEMALE,2015-06-14 00:00:00,Anastasiia GOLIKOVA,25,RUS
3,"European Youth Cup (L,S) - Edinburgh (GBR) 2012",17,YOUTH B FEMALE,2012-05-20 00:00:00,Anastasiia GOLIKOVA,25,RUS
