,event,rank,para_class,date,name,age,country
0,Asian Youth Championships - Chongqing (CHN) 2018,23,YOUTH A FEMALE,2018-11-04 00:00:00,Anastassiya POSTOYENKO,21,KAZ
1,IFSC Youth World Championships - Moscow (RUS) 2018,56,YOUTH A FEMALE,2018-08-16 00:00:00,Anastassiya POSTOYENKO,21,KAZ
2,IFSC Youth World Championships - Innsbruck (AUT) - 2017,85,YOUTH B FEMALE,2017-09-10 00:00:00,Anastassiya POSTOYENKO,21,KAZ
3,Asian Youth Championship - Tehran (IRI) 2016,16,YOUTH B FEMALE,2016-09-30 00:00:00,Anastassiya POSTOYENKO,21,KAZ
