,event,rank,para_class,date,name,age,country
0,IFSC Climbing Worldcup (L) - Briançon (FRA) 2017,27,MEN,2017-07-29 00:00:00,Anatole BOSIO,35,FRA
1,IFSC Climbing Worldcup (L) - Chamonix (FRA) 2017,49,MEN,2017-07-13 00:00:00,Anatole BOSIO,35,FRA
2,IFSC Climbing Worldcup (L) - Kranj (SLO) 2016,34,MEN,2016-11-27 00:00:00,Anatole BOSIO,35,FRA
3,"IFSC Climbing Worldcup (L, S) - Arco (ITA) 2016",38,MEN,2016-08-27 00:00:00,Anatole BOSIO,35,FRA
4,IFSC Climbing Worldcup (L) - Imst (AUT) 2016,42,MEN,2016-08-20 00:00:00,Anatole BOSIO,35,FRA
5,IFSC Climbing Worldcup (L) - Briançon (FRA) 2016,23,MEN,2016-07-23 00:00:00,Anatole BOSIO,35,FRA
6,"IFSC Climbing Worldcup (L,S) -Chamonix (FRA) 2016",51,MEN,2016-07-12 00:00:00,Anatole BOSIO,35,FRA
7,"Lead International Event, Open International - Briancon (FRA) 2010",12,MEN,2010-07-31 00:00:00,Anatole BOSIO,35,FRA
8,"IFSC Climbing Worldcup (L,S) - Chamonix (FRA) 2010",39,MEN,2010-07-13 00:00:00,Anatole BOSIO,35,FRA
9,European Youth Series - Kranj (SLO) 2007,5,JUNIORS MALE,2007-11-25 00:00:00,Anatole BOSIO,35,FRA
10,IFSC Climbing Worldcup (L) - Valence (FRA) 2007,18,MEN,2007-11-03 00:00:00,Anatole BOSIO,35,FRA
11,European Youth Series - Linz (AUT) 2007,3,JUNIORS MALE,2007-10-28 00:00:00,Anatole BOSIO,35,FRA
12,Int. Event (L) - Serre Chevalier (FRA) 2007,9,MEN,2007-07-21 00:00:00,Anatole BOSIO,35,FRA
13,European Youth Cup - Kranj (SLO) 2006,5,JUNIORS MALE,2006-11-26 00:00:00,Anatole BOSIO,35,FRA
14,European Youth Cup - Annecy (FRA) 2006,9,JUNIORS MALE,2006-10-29 00:00:00,Anatole BOSIO,35,FRA
