,event,rank,para_class,date,name,age,country
0,IFSC Climbing Worldcup (L) - Boulder (USA) 2011,31,MEN,2011-10-09 00:00:00,Anderson GOUVEIA,45,BRA
1,IFSC Climbing Worldcup (L) - Valence (FRA) 2007,29,MEN,2007-11-03 00:00:00,Anderson GOUVEIA,45,BRA
2,UIAA Worldcup (L) - Zürich (SUI) 2005,43,MEN,2005-06-25 00:00:00,Anderson GOUVEIA,45,BRA
3,UIAA Worldcup (L) - Imst (AUT) 2005,59,MEN,2005-05-27 00:00:00,Anderson GOUVEIA,45,BRA
4,UIAA Worldcup - Lecco (ITA) 2002 - difficulty,68,MEN,2002-06-29 00:00:00,Anderson GOUVEIA,45,BRA
