,event,rank,para_class,date,name,age,country
0,"FISU University Championships (B,S,L) - Innsbruck (AUT) 2022",11,MEN,2022-06-17 00:00:00,Andoni ESPARTA FRADE,22,ESP
1,IFSC - Climbing World Cup (L) - Briançon (FRA) 2021,53,MEN,2021-07-18 00:00:00,Andoni ESPARTA FRADE,22,ESP
2,IFSC - Climbing World Cup (L) - Chamonix (FRA) 2021,53,MEN,2021-07-13 00:00:00,Andoni ESPARTA FRADE,22,ESP
3,"IFSC - Climbing World Cup (L,S) - Villars (SUI) 2021",61,MEN,2021-07-03 00:00:00,Andoni ESPARTA FRADE,22,ESP
4,IFSC Youth World Championships - Arco (ITA) 2019,22,JUNIORS MALE,2019-08-31 00:00:00,Andoni ESPARTA FRADE,22,ESP
5,"European Youth Cup (S,L) - Imst (AUT) 2019",13,JUNIORS MALE,2019-08-04 00:00:00,Andoni ESPARTA FRADE,22,ESP
6,European Youth Cup (L) - St. Pierre Faucigny (FRA) 2019,7,JUNIORS MALE,2019-06-30 00:00:00,Andoni ESPARTA FRADE,22,ESP
7,European Youth Cup (L) - Ostermundigen (SUI) 2019,7,JUNIORS MALE,2019-06-23 00:00:00,Andoni ESPARTA FRADE,22,ESP
8,IFSC Climbing Worldcup (L) - Kranj (SLO) 2018,31,MEN,2018-09-30 00:00:00,Andoni ESPARTA FRADE,22,ESP
9,IFSC Youth World Championships - Moscow (RUS) 2018,22,YOUTH A MALE,2018-08-16 00:00:00,Andoni ESPARTA FRADE,22,ESP
10,European Youth Cup (L) - Munich (GER) 2018,13,YOUTH A MALE,2018-07-08 00:00:00,Andoni ESPARTA FRADE,22,ESP
11,European Youth Cup (L) - Uster (SUI) 2018,3,YOUTH A MALE,2018-07-01 00:00:00,Andoni ESPARTA FRADE,22,ESP
12,European Youth Cup (L) - Bruneck (ITA) 2018,12,YOUTH A MALE,2018-06-17 00:00:00,Andoni ESPARTA FRADE,22,ESP
13,"European Youth Championship (L, S) - Imst 2018",25,YOUTH A MALE,2018-05-27 00:00:00,Andoni ESPARTA FRADE,22,ESP
14,"European Youth Cup (L,S) - Voiron (FRA) 2018",5,YOUTH A MALE,2018-04-08 00:00:00,Andoni ESPARTA FRADE,22,ESP
15,"European Youth Championships (L,S) - Perm (RUS) 2017",9,YOUTH A MALE,2017-10-01 00:00:00,Andoni ESPARTA FRADE,22,ESP
16,IFSC Youth World Championships - Innsbruck (AUT) - 2017,9,YOUTH A MALE,2017-09-10 00:00:00,Andoni ESPARTA FRADE,22,ESP
17,European Youth Cup (L) - Mitterdorf (AUT) 2017,1,YOUTH A MALE,2017-08-13 00:00:00,Andoni ESPARTA FRADE,22,ESP
18,European Youth Cup (L) - Uster (SUI) 2017,8,YOUTH A MALE,2017-06-25 00:00:00,Andoni ESPARTA FRADE,22,ESP
19,European Youth Cup (L) - Dornbirn (AUT) 2017,9,YOUTH A MALE,2017-06-11 00:00:00,Andoni ESPARTA FRADE,22,ESP
20,European Youth Cup (L) - Imst (AUT) 2017,12,YOUTH A MALE,2017-05-28 00:00:00,Andoni ESPARTA FRADE,22,ESP
21,IFSC World Youth Championships - Guangzhou (CHN) - 2016,12,YOUTH B MALE,2016-11-13 00:00:00,Andoni ESPARTA FRADE,22,ESP
22,"European Youth Championships (L,S) - Mitterdorf (AUT) 2016",5,YOUTH B MALE,2016-09-04 00:00:00,Andoni ESPARTA FRADE,22,ESP
23,European Youth Cup (L) - Imst (AUT) 2016,18,YOUTH B MALE,2016-05-29 00:00:00,Andoni ESPARTA FRADE,22,ESP
24,"European Youth Championship (L, S) - Edinburgh (GBR) 2015",23,YOUTH B MALE,2015-06-14 00:00:00,Andoni ESPARTA FRADE,22,ESP
25,European Youth Cup (L) - Imst (AUT) 2015,36,YOUTH B MALE,2015-05-31 00:00:00,Andoni ESPARTA FRADE,22,ESP
26,European Youth Cup (L) - Dornbirn (AUT) 2015,19,YOUTH B MALE,2015-05-10 00:00:00,Andoni ESPARTA FRADE,22,ESP
